activity_id,deal_id,contact_id,activity_type,timestamp,direction,sentiment_score
ACT-000001,DEAL-0001,CONTACT-00001,email_sent,2024-04-02 11:31:00,outbound,0.607
ACT-000002,DEAL-0001,CONTACT-00001,call_outbound,2024-04-03 12:58:00,outbound,0.299
ACT-000003,DEAL-0001,CONTACT-00001,call_outbound,2024-04-08 15:45:00,outbound,0.648
ACT-000004,DEAL-0001,CONTACT-00001,email_sent,2024-04-11 14:16:00,outbound,0.239
ACT-000005,DEAL-0001,CONTACT-00001,meeting,2024-04-11 12:52:00,inbound,0.415
ACT-000006,DEAL-0001,CONTACT-00001,demo,2024-04-12 13:40:00,outbound,0.585
ACT-000007,DEAL-0001,CONTACT-00001,call_outbound,2024-04-15 11:32:00,outbound,0.616
ACT-000008,DEAL-0002,CONTACT-00002,demo,2024-02-08 16:49:00,outbound,0.486
ACT-000009,DEAL-0002,CONTACT-00003,demo,2024-02-09 17:21:00,outbound,0.515
ACT-000010,DEAL-0003,CONTACT-00004,call_inbound,2024-01-29 14:31:00,inbound,0.459
ACT-000011,DEAL-0003,CONTACT-00004,email_received,2024-01-30 13:14:00,inbound,0.316
ACT-000012,DEAL-0003,CONTACT-00004,email_sent,2024-01-30 11:27:00,outbound,0.457
ACT-000013,DEAL-0003,CONTACT-00004,call_outbound,2024-01-31 13:38:00,outbound,0.528
ACT-000014,DEAL-0003,CONTACT-00004,call_outbound,2024-02-05 14:41:00,outbound,0.526
ACT-000015,DEAL-0003,CONTACT-00004,email_sent,2024-02-06 09:38:00,outbound,0.591
ACT-000016,DEAL-0003,CONTACT-00004,email_sent,2024-02-09 17:02:00,outbound,0.57
ACT-000017,DEAL-0003,CONTACT-00004,call_outbound,2024-02-15 12:46:00,outbound,0.139
ACT-000018,DEAL-0003,CONTACT-00004,email_received,2024-02-19 09:08:00,inbound,0.365
ACT-000019,DEAL-0003,CONTACT-00004,call_outbound,2024-02-26 16:38:00,outbound,0.683
ACT-000020,DEAL-0003,CONTACT-00004,email_received,2024-02-26 11:15:00,inbound,0.219
ACT-000021,DEAL-0003,CONTACT-00004,proposal_sent,2024-02-29 17:29:00,outbound,0.746
ACT-000022,DEAL-0003,CONTACT-00004,email_sent,2024-03-04 12:47:00,outbound,0.358
ACT-000023,DEAL-0004,CONTACT-00006,email_received,2024-03-27 13:45:00,inbound,0.276
ACT-000024,DEAL-0004,CONTACT-00006,call_outbound,2024-03-27 15:53:00,outbound,0.206
ACT-000025,DEAL-0004,CONTACT-00006,email_sent,2024-04-11 13:27:00,outbound,0.545
ACT-000026,DEAL-0004,CONTACT-00005,demo,2024-04-15 12:22:00,outbound,0.629
ACT-000027,DEAL-0004,CONTACT-00005,call_outbound,2024-04-29 09:01:00,outbound,0.654
ACT-000028,DEAL-0004,CONTACT-00006,email_sent,2024-05-09 17:46:00,outbound,0.448
ACT-000029,DEAL-0005,CONTACT-00007,email_received,2024-05-24 09:18:00,inbound,0.33
ACT-000030,DEAL-0005,CONTACT-00009,email_received,2024-05-27 14:31:00,inbound,0.428
ACT-000031,DEAL-0005,CONTACT-00009,email_received,2024-05-27 09:02:00,inbound,0.801
ACT-000032,DEAL-0005,CONTACT-00008,email_received,2024-05-29 08:35:00,inbound,0.768
ACT-000033,DEAL-0005,CONTACT-00008,call_outbound,2024-05-29 12:07:00,outbound,0.441
ACT-000034,DEAL-0005,CONTACT-00009,email_sent,2024-05-31 17:35:00,outbound,0.467
ACT-000035,DEAL-0005,CONTACT-00007,call_inbound,2024-05-31 08:15:00,inbound,0.696
ACT-000036,DEAL-0005,CONTACT-00007,call_inbound,2024-05-31 15:43:00,inbound,0.866
ACT-000037,DEAL-0005,CONTACT-00009,email_received,2024-06-03 09:44:00,inbound,0.644
ACT-000038,DEAL-0005,CONTACT-00008,email_received,2024-06-03 11:17:00,inbound,0.744
ACT-000039,DEAL-0005,CONTACT-00009,call_inbound,2024-06-03 17:37:00,inbound,0.481
ACT-000040,DEAL-0005,CONTACT-00008,email_received,2024-06-04 09:34:00,inbound,0.684
ACT-000041,DEAL-0005,CONTACT-00008,call_outbound,2024-06-04 08:45:00,outbound,0.552
ACT-000042,DEAL-0005,CONTACT-00007,call_inbound,2024-06-06 11:17:00,inbound,0.792
ACT-000043,DEAL-0005,CONTACT-00008,email_sent,2024-06-07 16:01:00,outbound,0.691
ACT-000044,DEAL-0005,CONTACT-00008,email_sent,2024-06-10 14:15:00,outbound,0.437
ACT-000045,DEAL-0005,CONTACT-00007,call_outbound,2024-06-14 13:13:00,outbound,0.613
ACT-000046,DEAL-0005,CONTACT-00009,meeting,2024-06-14 12:09:00,inbound,0.492
ACT-000047,DEAL-0005,CONTACT-00007,email_sent,2024-06-14 12:44:00,outbound,0.543
ACT-000048,DEAL-0005,CONTACT-00009,meeting,2024-06-17 09:39:00,inbound,0.568
ACT-000049,DEAL-0005,CONTACT-00009,meeting,2024-06-18 08:09:00,inbound,0.651
ACT-000050,DEAL-0005,CONTACT-00007,meeting,2024-06-19 14:23:00,inbound,0.643
ACT-000051,DEAL-0005,CONTACT-00008,call_outbound,2024-06-20 11:10:00,outbound,0.288
ACT-000052,DEAL-0005,CONTACT-00007,call_inbound,2024-06-20 08:30:00,inbound,0.512
ACT-000053,DEAL-0005,CONTACT-00008,email_received,2024-06-20 16:40:00,inbound,0.601
ACT-000054,DEAL-0005,CONTACT-00008,demo,2024-06-24 09:10:00,outbound,0.361
ACT-000055,DEAL-0005,CONTACT-00007,email_received,2024-06-25 08:55:00,inbound,0.783
ACT-000056,DEAL-0005,CONTACT-00007,demo,2024-06-26 14:43:00,outbound,0.53
ACT-000057,DEAL-0005,CONTACT-00008,meeting,2024-06-27 10:22:00,inbound,0.632
ACT-000058,DEAL-0005,CONTACT-00008,email_received,2024-06-27 14:43:00,inbound,0.704
ACT-000059,DEAL-0005,CONTACT-00007,meeting,2024-07-02 14:26:00,inbound,0.786
ACT-000060,DEAL-0005,CONTACT-00007,email_sent,2024-07-02 08:13:00,outbound,0.443
ACT-000061,DEAL-0005,CONTACT-00009,proposal_sent,2024-07-03 10:25:00,outbound,0.562
ACT-000062,DEAL-0005,CONTACT-00007,meeting,2024-07-03 11:16:00,inbound,0.321
ACT-000063,DEAL-0005,CONTACT-00007,proposal_sent,2024-07-04 10:48:00,outbound,0.318
ACT-000064,DEAL-0005,CONTACT-00007,email_received,2024-07-05 08:54:00,inbound,0.803
ACT-000065,DEAL-0005,CONTACT-00008,call_outbound,2024-07-08 13:46:00,outbound,0.327
ACT-000066,DEAL-0005,CONTACT-00009,call_inbound,2024-07-08 08:29:00,inbound,0.521
ACT-000067,DEAL-0005,CONTACT-00007,proposal_sent,2024-07-09 12:19:00,outbound,0.32
ACT-000068,DEAL-0005,CONTACT-00009,proposal_sent,2024-07-11 13:45:00,outbound,0.326
ACT-000069,DEAL-0005,CONTACT-00007,email_received,2024-07-12 14:27:00,inbound,0.855
ACT-000070,DEAL-0005,CONTACT-00007,email_sent,2024-07-16 09:32:00,outbound,0.463
ACT-000071,DEAL-0005,CONTACT-00008,call_inbound,2024-07-17 16:36:00,inbound,0.48
ACT-000072,DEAL-0005,CONTACT-00008,email_received,2024-07-18 17:56:00,inbound,0.551
ACT-000073,DEAL-0005,CONTACT-00007,email_sent,2024-07-18 13:48:00,outbound,0.375
ACT-000074,DEAL-0006,CONTACT-00011,email_sent,2024-01-16 15:37:00,outbound,0.323
ACT-000075,DEAL-0006,CONTACT-00011,call_outbound,2024-01-23 16:39:00,outbound,0.615
ACT-000076,DEAL-0006,CONTACT-00012,call_outbound,2024-01-25 15:11:00,outbound,0.222
ACT-000077,DEAL-0006,CONTACT-00011,email_sent,2024-01-26 17:19:00,outbound,0.303
ACT-000078,DEAL-0006,CONTACT-00012,email_sent,2024-01-29 15:36:00,outbound,0.525
ACT-000079,DEAL-0006,CONTACT-00010,call_outbound,2024-01-30 14:52:00,outbound,0.47
ACT-000080,DEAL-0006,CONTACT-00011,email_received,2024-01-30 16:02:00,inbound,0.568
ACT-000081,DEAL-0006,CONTACT-00011,email_sent,2024-01-31 10:43:00,outbound,0.213
ACT-000082,DEAL-0006,CONTACT-00012,email_sent,2024-02-01 12:34:00,outbound,0.578
ACT-000083,DEAL-0006,CONTACT-00012,email_sent,2024-02-02 10:32:00,outbound,0.653
ACT-000084,DEAL-0006,CONTACT-00011,email_received,2024-02-07 17:24:00,inbound,0.419
ACT-000085,DEAL-0006,CONTACT-00011,email_sent,2024-02-09 09:50:00,outbound,0.454
ACT-000086,DEAL-0006,CONTACT-00011,email_sent,2024-02-14 11:48:00,outbound,0.418
ACT-000087,DEAL-0006,CONTACT-00012,meeting,2024-02-15 16:58:00,inbound,0.246
ACT-000088,DEAL-0006,CONTACT-00011,demo,2024-02-27 11:27:00,outbound,0.445
ACT-000089,DEAL-0006,CONTACT-00011,meeting,2024-03-07 10:43:00,inbound,0.335
ACT-000090,DEAL-0007,CONTACT-00014,email_received,2024-01-30 13:24:00,inbound,0.721
ACT-000091,DEAL-0007,CONTACT-00014,email_sent,2024-01-30 10:47:00,outbound,0.466
ACT-000092,DEAL-0007,CONTACT-00015,email_received,2024-02-07 15:36:00,inbound,0.812
ACT-000093,DEAL-0007,CONTACT-00013,email_sent,2024-02-08 08:39:00,outbound,0.46
ACT-000094,DEAL-0007,CONTACT-00015,demo,2024-02-09 16:26:00,outbound,0.38
ACT-000095,DEAL-0007,CONTACT-00014,email_received,2024-02-12 16:38:00,inbound,0.896
ACT-000096,DEAL-0007,CONTACT-00016,proposal_sent,2024-02-13 11:05:00,outbound,0.61
ACT-000097,DEAL-0007,CONTACT-00015,call_inbound,2024-02-19 15:56:00,inbound,0.752
ACT-000098,DEAL-0007,CONTACT-00014,proposal_sent,2024-02-22 14:39:00,outbound,0.473
ACT-000099,DEAL-0007,CONTACT-00016,meeting,2024-02-22 08:46:00,inbound,0.624
ACT-000100,DEAL-0007,CONTACT-00015,email_received,2024-02-23 13:00:00,inbound,0.627
ACT-000101,DEAL-0007,CONTACT-00013,call_outbound,2024-02-27 17:36:00,outbound,0.324
ACT-000102,DEAL-0007,CONTACT-00014,email_sent,2024-02-28 13:03:00,outbound,0.448
ACT-000103,DEAL-0007,CONTACT-00014,call_inbound,2024-02-28 10:57:00,inbound,0.728
ACT-000104,DEAL-0007,CONTACT-00013,email_sent,2024-02-29 09:10:00,outbound,0.663
ACT-000105,DEAL-0008,CONTACT-00018,call_outbound,2024-02-07 12:33:00,outbound,0.339
ACT-000106,DEAL-0008,CONTACT-00019,call_inbound,2024-02-08 13:16:00,inbound,0.595
ACT-000107,DEAL-0008,CONTACT-00019,call_inbound,2024-02-09 16:50:00,inbound,0.738
ACT-000108,DEAL-0008,CONTACT-00018,email_received,2024-02-12 11:44:00,inbound,0.792
ACT-000109,DEAL-0008,CONTACT-00019,email_received,2024-02-12 14:15:00,inbound,0.786
ACT-000110,DEAL-0008,CONTACT-00018,call_inbound,2024-02-14 15:06:00,inbound,0.906
ACT-000111,DEAL-0008,CONTACT-00019,call_outbound,2024-02-14 11:34:00,outbound,0.369
ACT-000112,DEAL-0008,CONTACT-00019,email_received,2024-02-15 09:44:00,inbound,0.602
ACT-000113,DEAL-0008,CONTACT-00017,call_outbound,2024-02-16 09:38:00,outbound,0.366
ACT-000114,DEAL-0008,CONTACT-00019,call_outbound,2024-02-16 08:40:00,outbound,0.647
ACT-000115,DEAL-0008,CONTACT-00017,demo,2024-02-19 09:27:00,outbound,0.541
ACT-000116,DEAL-0008,CONTACT-00018,email_sent,2024-02-19 14:30:00,outbound,0.459
ACT-000117,DEAL-0008,CONTACT-00018,email_sent,2024-02-20 13:37:00,outbound,0.416
ACT-000118,DEAL-0008,CONTACT-00018,email_received,2024-02-21 09:43:00,inbound,0.732
ACT-000119,DEAL-0008,CONTACT-00018,email_received,2024-02-22 08:26:00,inbound,0.607
ACT-000120,DEAL-0008,CONTACT-00018,proposal_sent,2024-02-23 16:20:00,outbound,0.806
ACT-000121,DEAL-0008,CONTACT-00019,email_received,2024-02-26 16:12:00,inbound,0.634
ACT-000122,DEAL-0008,CONTACT-00019,demo,2024-02-27 09:08:00,outbound,0.39
ACT-000123,DEAL-0008,CONTACT-00017,email_sent,2024-02-28 10:12:00,outbound,0.593
ACT-000124,DEAL-0008,CONTACT-00019,email_received,2024-02-29 11:13:00,inbound,0.926
ACT-000125,DEAL-0008,CONTACT-00018,call_outbound,2024-03-01 13:00:00,outbound,0.389
ACT-000126,DEAL-0008,CONTACT-00019,proposal_sent,2024-03-04 09:36:00,outbound,0.575
ACT-000127,DEAL-0008,CONTACT-00018,proposal_sent,2024-03-05 10:08:00,outbound,0.629
ACT-000128,DEAL-0008,CONTACT-00017,meeting,2024-03-08 16:54:00,inbound,0.767
ACT-000129,DEAL-0008,CONTACT-00019,meeting,2024-03-08 14:41:00,inbound,0.759
ACT-000130,DEAL-0008,CONTACT-00018,proposal_sent,2024-03-08 08:48:00,outbound,0.458
ACT-000131,DEAL-0008,CONTACT-00018,call_outbound,2024-03-08 09:04:00,outbound,0.63
ACT-000132,DEAL-0008,CONTACT-00017,call_outbound,2024-03-11 10:29:00,outbound,0.297
ACT-000133,DEAL-0008,CONTACT-00019,call_outbound,2024-03-11 13:40:00,outbound,0.722
ACT-000134,DEAL-0008,CONTACT-00018,meeting,2024-03-11 17:05:00,inbound,0.666
ACT-000135,DEAL-0008,CONTACT-00018,email_sent,2024-03-13 15:49:00,outbound,0.544
ACT-000136,DEAL-0008,CONTACT-00019,email_sent,2024-03-13 12:23:00,outbound,0.492
ACT-000137,DEAL-0008,CONTACT-00018,email_sent,2024-03-14 11:08:00,outbound,0.099
ACT-000138,DEAL-0008,CONTACT-00019,call_inbound,2024-03-15 17:13:00,inbound,0.814
ACT-000139,DEAL-0009,CONTACT-00021,email_received,2024-03-25 08:21:00,inbound,0.924
ACT-000140,DEAL-0009,CONTACT-00021,call_outbound,2024-03-26 12:20:00,outbound,0.851
ACT-000141,DEAL-0009,CONTACT-00020,email_sent,2024-03-26 16:26:00,outbound,0.526
ACT-000142,DEAL-0009,CONTACT-00022,call_inbound,2024-03-27 09:56:00,inbound,0.758
ACT-000143,DEAL-0009,CONTACT-00021,email_received,2024-03-27 12:56:00,inbound,0.819
ACT-000144,DEAL-0009,CONTACT-00021,email_sent,2024-04-01 09:29:00,outbound,0.267
ACT-000145,DEAL-0009,CONTACT-00023,call_outbound,2024-04-01 15:21:00,outbound,0.376
ACT-000146,DEAL-0009,CONTACT-00023,meeting,2024-04-02 13:56:00,inbound,0.741
ACT-000147,DEAL-0009,CONTACT-00022,demo,2024-04-02 11:16:00,outbound,0.495
ACT-000148,DEAL-0009,CONTACT-00023,email_received,2024-04-03 16:12:00,inbound,0.851
ACT-000149,DEAL-0009,CONTACT-00021,call_outbound,2024-04-03 10:25:00,outbound,0.471
ACT-000150,DEAL-0009,CONTACT-00020,meeting,2024-04-03 08:13:00,inbound,0.733
ACT-000151,DEAL-0009,CONTACT-00021,proposal_sent,2024-04-04 10:18:00,outbound,0.438
ACT-000152,DEAL-0009,CONTACT-00022,email_sent,2024-04-04 15:54:00,outbound,0.372
ACT-000153,DEAL-0009,CONTACT-00022,meeting,2024-04-05 12:53:00,inbound,0.714
ACT-000154,DEAL-0009,CONTACT-00023,demo,2024-04-08 13:06:00,outbound,0.517
ACT-000155,DEAL-0009,CONTACT-00023,call_inbound,2024-04-10 17:16:00,inbound,0.477
ACT-000156,DEAL-0009,CONTACT-00021,email_received,2024-04-11 17:33:00,inbound,0.801
ACT-000157,DEAL-0009,CONTACT-00023,call_inbound,2024-04-12 11:43:00,inbound,0.557
ACT-000158,DEAL-0009,CONTACT-00020,meeting,2024-04-12 08:31:00,inbound,0.758
ACT-000159,DEAL-0009,CONTACT-00023,meeting,2024-04-15 12:58:00,inbound,0.8
ACT-000160,DEAL-0009,CONTACT-00021,email_sent,2024-04-15 11:18:00,outbound,0.533
ACT-000161,DEAL-0009,CONTACT-00020,meeting,2024-04-16 12:24:00,inbound,0.709
ACT-000162,DEAL-0009,CONTACT-00020,meeting,2024-04-16 16:41:00,inbound,0.413
ACT-000163,DEAL-0009,CONTACT-00022,email_received,2024-04-18 15:10:00,inbound,0.462
ACT-000164,DEAL-0010,CONTACT-00026,call_outbound,2024-01-19 15:26:00,outbound,0.688
ACT-000165,DEAL-0010,CONTACT-00026,email_sent,2024-01-19 08:53:00,outbound,0.305
ACT-000166,DEAL-0010,CONTACT-00024,email_sent,2024-01-19 12:14:00,outbound,0.544
ACT-000167,DEAL-0010,CONTACT-00025,email_received,2024-01-19 13:23:00,inbound,0.72
ACT-000168,DEAL-0010,CONTACT-00026,email_received,2024-01-22 17:27:00,inbound,0.625
ACT-000169,DEAL-0010,CONTACT-00025,meeting,2024-01-29 16:44:00,inbound,0.835
ACT-000170,DEAL-0010,CONTACT-00026,demo,2024-01-30 13:40:00,outbound,0.221
ACT-000171,DEAL-0010,CONTACT-00024,meeting,2024-01-30 12:22:00,inbound,0.841
ACT-000172,DEAL-0010,CONTACT-00024,email_received,2024-02-02 17:50:00,inbound,0.828
ACT-000173,DEAL-0010,CONTACT-00026,email_sent,2024-02-02 14:46:00,outbound,0.564
ACT-000174,DEAL-0010,CONTACT-00025,call_inbound,2024-02-05 17:39:00,inbound,0.609
ACT-000175,DEAL-0010,CONTACT-00026,email_sent,2024-02-06 14:23:00,outbound,0.375
ACT-000176,DEAL-0010,CONTACT-00024,call_outbound,2024-02-06 08:16:00,outbound,0.439
ACT-000177,DEAL-0010,CONTACT-00025,email_sent,2024-02-08 10:53:00,outbound,0.827
ACT-000178,DEAL-0010,CONTACT-00025,email_sent,2024-02-08 16:39:00,outbound,0.599
ACT-000179,DEAL-0010,CONTACT-00024,meeting,2024-02-08 11:56:00,inbound,0.503
ACT-000180,DEAL-0010,CONTACT-00025,call_inbound,2024-02-08 10:53:00,inbound,0.162
ACT-000181,DEAL-0010,CONTACT-00025,email_sent,2024-02-09 09:48:00,outbound,0.695
ACT-000182,DEAL-0010,CONTACT-00026,email_sent,2024-02-13 17:51:00,outbound,0.404
ACT-000183,DEAL-0010,CONTACT-00024,call_outbound,2024-02-16 17:11:00,outbound,0.781
ACT-000184,DEAL-0010,CONTACT-00025,email_received,2024-02-16 17:43:00,inbound,0.515
ACT-000185,DEAL-0010,CONTACT-00024,proposal_sent,2024-02-16 08:37:00,outbound,0.511
ACT-000186,DEAL-0010,CONTACT-00026,call_outbound,2024-02-16 11:06:00,outbound,0.464
ACT-000187,DEAL-0011,CONTACT-00027,email_sent,2024-04-23 13:05:00,outbound,0.449
ACT-000188,DEAL-0011,CONTACT-00028,proposal_sent,2024-04-29 08:53:00,outbound,0.47
ACT-000189,DEAL-0012,CONTACT-00029,email_received,2024-05-30 12:34:00,inbound,0.632
ACT-000190,DEAL-0012,CONTACT-00029,email_sent,2024-05-30 10:15:00,outbound,0.825
ACT-000191,DEAL-0012,CONTACT-00029,email_received,2024-06-03 10:22:00,inbound,0.177
ACT-000192,DEAL-0012,CONTACT-00029,call_outbound,2024-06-05 16:13:00,outbound,0.355
ACT-000193,DEAL-0012,CONTACT-00029,call_outbound,2024-06-05 12:43:00,outbound,0.308
ACT-000194,DEAL-0012,CONTACT-00029,meeting,2024-06-18 14:58:00,inbound,0.463
ACT-000195,DEAL-0013,CONTACT-00031,call_outbound,2024-03-18 15:47:00,outbound,0.526
ACT-000196,DEAL-0013,CONTACT-00031,call_inbound,2024-03-18 14:56:00,inbound,0.452
ACT-000197,DEAL-0013,CONTACT-00030,demo,2024-03-19 09:49:00,outbound,0.487
ACT-000198,DEAL-0013,CONTACT-00031,meeting,2024-03-20 16:39:00,inbound,0.154
ACT-000199,DEAL-0013,CONTACT-00030,email_sent,2024-03-22 12:25:00,outbound,0.38
ACT-000200,DEAL-0014,CONTACT-00032,call_outbound,2024-04-09 14:38:00,outbound,0.369
ACT-000201,DEAL-0014,CONTACT-00034,email_sent,2024-04-10 09:15:00,outbound,0.287
ACT-000202,DEAL-0014,CONTACT-00033,email_sent,2024-04-12 13:03:00,outbound,0.451
ACT-000203,DEAL-0014,CONTACT-00032,email_sent,2024-04-16 13:31:00,outbound,0.513
ACT-000204,DEAL-0014,CONTACT-00032,call_outbound,2024-04-18 12:51:00,outbound,0.646
ACT-000205,DEAL-0014,CONTACT-00033,call_inbound,2024-04-24 08:23:00,inbound,0.749
ACT-000206,DEAL-0014,CONTACT-00033,call_outbound,2024-04-24 16:15:00,outbound,0.398
ACT-000207,DEAL-0014,CONTACT-00032,demo,2024-04-25 12:47:00,outbound,0.423
ACT-000208,DEAL-0014,CONTACT-00032,call_inbound,2024-04-26 11:08:00,inbound,0.88
ACT-000209,DEAL-0014,CONTACT-00034,email_received,2024-04-29 08:42:00,inbound,0.464
ACT-000210,DEAL-0014,CONTACT-00033,proposal_sent,2024-04-30 13:21:00,outbound,0.259
ACT-000211,DEAL-0014,CONTACT-00034,email_sent,2024-05-03 09:37:00,outbound,0.476
ACT-000212,DEAL-0014,CONTACT-00032,email_sent,2024-05-03 08:40:00,outbound,0.405
ACT-000213,DEAL-0014,CONTACT-00032,meeting,2024-05-03 17:17:00,inbound,0.606
ACT-000214,DEAL-0014,CONTACT-00033,meeting,2024-05-06 15:54:00,inbound,0.671
ACT-000215,DEAL-0014,CONTACT-00034,proposal_sent,2024-05-07 17:26:00,outbound,0.159
ACT-000216,DEAL-0014,CONTACT-00032,proposal_sent,2024-05-07 14:47:00,outbound,0.779
ACT-000217,DEAL-0014,CONTACT-00034,meeting,2024-05-08 08:51:00,inbound,0.878
ACT-000218,DEAL-0014,CONTACT-00034,proposal_sent,2024-05-09 14:03:00,outbound,0.291
ACT-000219,DEAL-0014,CONTACT-00033,email_sent,2024-05-10 12:54:00,outbound,0.506
ACT-000220,DEAL-0014,CONTACT-00032,call_outbound,2024-05-10 10:29:00,outbound,0.334
ACT-000221,DEAL-0015,CONTACT-00035,email_sent,2024-02-29 14:30:00,outbound,0.513
ACT-000222,DEAL-0015,CONTACT-00036,call_outbound,2024-03-01 08:21:00,outbound,0.834
ACT-000223,DEAL-0015,CONTACT-00036,call_inbound,2024-03-11 08:30:00,inbound,0.282
ACT-000224,DEAL-0015,CONTACT-00035,email_sent,2024-03-18 14:14:00,outbound,0.533
ACT-000225,DEAL-0015,CONTACT-00036,meeting,2024-03-18 17:47:00,inbound,0.645
ACT-000226,DEAL-0015,CONTACT-00035,call_outbound,2024-03-19 12:47:00,outbound,0.197
ACT-000227,DEAL-0015,CONTACT-00035,meeting,2024-03-20 10:53:00,inbound,0.178
ACT-000228,DEAL-0016,CONTACT-00037,email_sent,2024-05-09 11:28:00,outbound,0.355
ACT-000229,DEAL-0016,CONTACT-00038,email_sent,2024-05-09 15:58:00,outbound,0.371
ACT-000230,DEAL-0016,CONTACT-00039,email_received,2024-05-15 17:02:00,inbound,0.768
ACT-000231,DEAL-0016,CONTACT-00038,email_received,2024-05-15 12:46:00,inbound,0.501
ACT-000232,DEAL-0016,CONTACT-00038,email_received,2024-05-16 09:09:00,inbound,0.497
ACT-000233,DEAL-0016,CONTACT-00037,email_received,2024-05-16 08:50:00,inbound,0.635
ACT-000234,DEAL-0016,CONTACT-00038,email_received,2024-05-16 11:38:00,inbound,0.632
ACT-000235,DEAL-0016,CONTACT-00037,email_received,2024-05-17 08:16:00,inbound,0.624
ACT-000236,DEAL-0016,CONTACT-00037,proposal_sent,2024-05-20 12:28:00,outbound,0.301
ACT-000237,DEAL-0016,CONTACT-00039,call_outbound,2024-05-21 09:21:00,outbound,0.143
ACT-000238,DEAL-0016,CONTACT-00038,email_sent,2024-05-21 13:28:00,outbound,0.631
ACT-000239,DEAL-0016,CONTACT-00037,meeting,2024-05-23 12:21:00,inbound,0.621
ACT-000240,DEAL-0016,CONTACT-00039,proposal_sent,2024-05-23 10:56:00,outbound,0.522
ACT-000241,DEAL-0016,CONTACT-00037,demo,2024-05-23 14:52:00,outbound,0.743
ACT-000242,DEAL-0016,CONTACT-00038,proposal_sent,2024-05-24 08:46:00,outbound,0.555
ACT-000243,DEAL-0016,CONTACT-00039,call_outbound,2024-05-29 09:53:00,outbound,0.49
ACT-000244,DEAL-0016,CONTACT-00037,meeting,2024-05-29 13:41:00,inbound,0.773
ACT-000245,DEAL-0016,CONTACT-00039,meeting,2024-05-29 17:24:00,inbound,0.78
ACT-000246,DEAL-0016,CONTACT-00039,proposal_sent,2024-05-31 13:26:00,outbound,0.254
ACT-000247,DEAL-0017,CONTACT-00040,call_outbound,2024-07-09 15:05:00,outbound,0.617
ACT-000248,DEAL-0017,CONTACT-00041,demo,2024-07-10 13:02:00,outbound,0.26
ACT-000249,DEAL-0017,CONTACT-00041,email_sent,2024-07-18 08:40:00,outbound,0.797
ACT-000250,DEAL-0018,CONTACT-00042,email_sent,2024-02-22 13:22:00,outbound,0.483
ACT-000251,DEAL-0018,CONTACT-00042,email_sent,2024-02-27 14:31:00,outbound,0.614
ACT-000252,DEAL-0018,CONTACT-00042,email_sent,2024-02-28 08:16:00,outbound,0.5
ACT-000253,DEAL-0018,CONTACT-00042,call_outbound,2024-02-28 12:26:00,outbound,0.813
ACT-000254,DEAL-0018,CONTACT-00042,call_outbound,2024-03-01 16:21:00,outbound,0.393
ACT-000255,DEAL-0018,CONTACT-00042,email_received,2024-03-15 17:26:00,inbound,0.59
ACT-000256,DEAL-0019,CONTACT-00044,email_sent,2024-03-11 17:37:00,outbound,0.436
ACT-000257,DEAL-0019,CONTACT-00043,proposal_sent,2024-03-14 14:45:00,outbound,0.371
ACT-000258,DEAL-0019,CONTACT-00043,proposal_sent,2024-03-14 17:24:00,outbound,0.196
ACT-000259,DEAL-0019,CONTACT-00043,proposal_sent,2024-03-15 15:24:00,outbound,0.107
ACT-000260,DEAL-0019,CONTACT-00043,call_outbound,2024-03-15 16:41:00,outbound,0.38
ACT-000261,DEAL-0019,CONTACT-00044,email_sent,2024-03-19 12:33:00,outbound,0.291
ACT-000262,DEAL-0020,CONTACT-00045,call_outbound,2024-05-27 12:16:00,outbound,0.65
ACT-000263,DEAL-0020,CONTACT-00045,email_sent,2024-05-31 08:57:00,outbound,0.606
ACT-000264,DEAL-0020,CONTACT-00045,email_sent,2024-06-05 13:29:00,outbound,0.461
ACT-000265,DEAL-0021,CONTACT-00047,email_sent,2024-05-17 09:43:00,outbound,0.404
ACT-000266,DEAL-0021,CONTACT-00046,email_received,2024-05-21 16:57:00,inbound,0.593
ACT-000267,DEAL-0021,CONTACT-00046,email_received,2024-06-07 15:22:00,inbound,0.525
ACT-000268,DEAL-0021,CONTACT-00046,call_outbound,2024-06-11 08:09:00,outbound,0.467
ACT-000269,DEAL-0021,CONTACT-00046,call_outbound,2024-06-11 11:56:00,outbound,0.57
ACT-000270,DEAL-0022,CONTACT-00050,email_received,2024-07-01 10:25:00,inbound,0.491
ACT-000271,DEAL-0022,CONTACT-00049,proposal_sent,2024-07-05 09:46:00,outbound,0.713
ACT-000272,DEAL-0022,CONTACT-00049,proposal_sent,2024-07-08 14:55:00,outbound,0.3
ACT-000273,DEAL-0022,CONTACT-00050,meeting,2024-07-10 09:34:00,inbound,0.662
ACT-000274,DEAL-0023,CONTACT-00051,email_received,2024-04-23 13:22:00,inbound,0.621
ACT-000275,DEAL-0023,CONTACT-00052,email_sent,2024-04-24 09:23:00,outbound,0.714
ACT-000276,DEAL-0023,CONTACT-00052,call_outbound,2024-04-25 08:22:00,outbound,0.607
ACT-000277,DEAL-0023,CONTACT-00053,email_sent,2024-05-01 10:54:00,outbound,0.394
ACT-000278,DEAL-0023,CONTACT-00053,email_sent,2024-05-16 08:33:00,outbound,0.639
ACT-000279,DEAL-0024,CONTACT-00055,email_received,2024-06-24 11:17:00,inbound,0.448
ACT-000280,DEAL-0024,CONTACT-00054,email_sent,2024-06-27 12:54:00,outbound,0.557
ACT-000281,DEAL-0024,CONTACT-00054,call_outbound,2024-07-11 17:55:00,outbound,0.581
ACT-000282,DEAL-0024,CONTACT-00055,email_sent,2024-07-19 08:44:00,outbound,0.533
ACT-000283,DEAL-0025,CONTACT-00056,email_received,2024-06-17 15:40:00,inbound,0.849
ACT-000284,DEAL-0025,CONTACT-00057,email_sent,2024-06-17 10:48:00,outbound,0.597
ACT-000285,DEAL-0025,CONTACT-00057,call_outbound,2024-06-19 16:05:00,outbound,0.524
ACT-000286,DEAL-0025,CONTACT-00058,email_sent,2024-06-19 10:33:00,outbound,0.515
ACT-000287,DEAL-0025,CONTACT-00058,call_outbound,2024-06-21 15:55:00,outbound,0.477
ACT-000288,DEAL-0025,CONTACT-00057,email_sent,2024-06-21 14:43:00,outbound,0.626
ACT-000289,DEAL-0025,CONTACT-00057,call_outbound,2024-06-25 10:51:00,outbound,0.399
ACT-000290,DEAL-0025,CONTACT-00056,call_inbound,2024-06-26 13:26:00,inbound,0.597
ACT-000291,DEAL-0025,CONTACT-00058,call_outbound,2024-06-27 08:33:00,outbound,0.479
ACT-000292,DEAL-0025,CONTACT-00057,meeting,2024-07-01 13:01:00,inbound,0.77
ACT-000293,DEAL-0025,CONTACT-00056,email_sent,2024-07-03 17:54:00,outbound,0.329
ACT-000294,DEAL-0025,CONTACT-00057,call_outbound,2024-07-04 17:56:00,outbound,0.647
ACT-000295,DEAL-0025,CONTACT-00058,email_sent,2024-07-05 08:23:00,outbound,0.458
ACT-000296,DEAL-0025,CONTACT-00058,meeting,2024-07-05 13:15:00,inbound,0.833
ACT-000297,DEAL-0025,CONTACT-00057,demo,2024-07-10 17:33:00,outbound,0.538
ACT-000298,DEAL-0025,CONTACT-00056,proposal_sent,2024-07-10 08:51:00,outbound,0.367
ACT-000299,DEAL-0025,CONTACT-00056,email_sent,2024-07-12 15:00:00,outbound,0.293
ACT-000300,DEAL-0025,CONTACT-00057,meeting,2024-07-18 17:16:00,inbound,0.884
ACT-000301,DEAL-0025,CONTACT-00056,call_inbound,2024-07-18 09:34:00,inbound,0.836
ACT-000302,DEAL-0025,CONTACT-00057,email_sent,2024-07-18 08:35:00,outbound,0.538
ACT-000303,DEAL-0025,CONTACT-00056,call_inbound,2024-07-22 12:11:00,inbound,0.636
ACT-000304,DEAL-0025,CONTACT-00056,email_received,2024-07-23 17:12:00,inbound,0.66
ACT-000305,DEAL-0025,CONTACT-00056,meeting,2024-07-24 14:15:00,inbound,0.454
ACT-000306,DEAL-0025,CONTACT-00057,call_inbound,2024-07-26 13:38:00,inbound,0.722
ACT-000307,DEAL-0025,CONTACT-00057,email_received,2024-07-26 17:50:00,inbound,0.582
ACT-000308,DEAL-0025,CONTACT-00056,call_inbound,2024-07-26 09:57:00,inbound,0.54
ACT-000309,DEAL-0025,CONTACT-00056,email_received,2024-07-26 12:47:00,inbound,0.815
ACT-000310,DEAL-0025,CONTACT-00058,call_inbound,2024-07-31 08:16:00,inbound,0.826
ACT-000311,DEAL-0025,CONTACT-00056,meeting,2024-08-01 09:16:00,inbound,0.845
ACT-000312,DEAL-0025,CONTACT-00057,email_sent,2024-08-02 10:25:00,outbound,0.387
ACT-000313,DEAL-0025,CONTACT-00056,email_sent,2024-08-02 17:18:00,outbound,0.623
ACT-000314,DEAL-0025,CONTACT-00057,email_sent,2024-08-02 11:35:00,outbound,0.45
ACT-000315,DEAL-0025,CONTACT-00056,call_outbound,2024-08-05 14:27:00,outbound,0.225
ACT-000316,DEAL-0025,CONTACT-00056,call_outbound,2024-08-05 16:44:00,outbound,0.416
ACT-000317,DEAL-0025,CONTACT-00056,call_outbound,2024-08-06 09:43:00,outbound,0.51
ACT-000318,DEAL-0025,CONTACT-00057,meeting,2024-08-06 09:19:00,inbound,0.819
ACT-000319,DEAL-0026,CONTACT-00059,call_outbound,2024-03-08 12:50:00,outbound,0.716
ACT-000320,DEAL-0026,CONTACT-00060,email_received,2024-03-11 14:52:00,inbound,0.773
ACT-000321,DEAL-0026,CONTACT-00062,call_outbound,2024-03-14 14:45:00,outbound,0.634
ACT-000322,DEAL-0026,CONTACT-00062,call_inbound,2024-03-14 12:21:00,inbound,0.582
ACT-000323,DEAL-0026,CONTACT-00060,email_received,2024-03-15 09:07:00,inbound,0.672
ACT-000324,DEAL-0026,CONTACT-00059,email_received,2024-03-19 09:29:00,inbound,0.429
ACT-000325,DEAL-0026,CONTACT-00062,call_outbound,2024-03-20 17:55:00,outbound,0.443
ACT-000326,DEAL-0026,CONTACT-00061,meeting,2024-03-21 17:31:00,inbound,0.627
ACT-000327,DEAL-0026,CONTACT-00062,email_received,2024-03-22 11:34:00,inbound,0.519
ACT-000328,DEAL-0026,CONTACT-00063,proposal_sent,2024-03-25 15:24:00,outbound,0.781
ACT-000329,DEAL-0026,CONTACT-00063,email_sent,2024-03-25 15:17:00,outbound,0.433
ACT-000330,DEAL-0026,CONTACT-00059,call_outbound,2024-03-27 13:11:00,outbound,0.603
ACT-000331,DEAL-0026,CONTACT-00060,email_sent,2024-03-27 11:12:00,outbound,0.535
ACT-000332,DEAL-0026,CONTACT-00059,email_received,2024-03-28 11:10:00,inbound,0.69
ACT-000333,DEAL-0026,CONTACT-00063,proposal_sent,2024-04-01 12:41:00,outbound,0.561
ACT-000334,DEAL-0026,CONTACT-00061,call_outbound,2024-04-01 10:04:00,outbound,0.852
ACT-000335,DEAL-0026,CONTACT-00061,email_sent,2024-04-02 13:14:00,outbound,0.565
ACT-000336,DEAL-0026,CONTACT-00060,email_sent,2024-04-03 10:56:00,outbound,0.727
ACT-000337,DEAL-0026,CONTACT-00059,email_received,2024-04-03 12:33:00,inbound,0.556
ACT-000338,DEAL-0026,CONTACT-00059,email_sent,2024-04-03 08:37:00,outbound,0.788
ACT-000339,DEAL-0026,CONTACT-00062,proposal_sent,2024-04-03 16:46:00,outbound,0.262
ACT-000340,DEAL-0026,CONTACT-00061,call_outbound,2024-04-04 14:20:00,outbound,0.644
ACT-000341,DEAL-0026,CONTACT-00060,call_inbound,2024-04-05 10:29:00,inbound,0.496
ACT-000342,DEAL-0026,CONTACT-00061,meeting,2024-04-08 14:09:00,inbound,0.526
ACT-000343,DEAL-0026,CONTACT-00063,call_outbound,2024-04-09 12:48:00,outbound,0.644
ACT-000344,DEAL-0026,CONTACT-00062,call_outbound,2024-04-11 17:30:00,outbound,0.814
ACT-000345,DEAL-0026,CONTACT-00061,meeting,2024-04-12 10:32:00,inbound,0.577
ACT-000346,DEAL-0026,CONTACT-00062,meeting,2024-04-12 14:05:00,inbound,0.924
ACT-000347,DEAL-0027,CONTACT-00065,email_received,2024-05-23 11:18:00,inbound,0.648
ACT-000348,DEAL-0027,CONTACT-00064,email_received,2024-05-27 15:13:00,inbound,0.315
ACT-000349,DEAL-0027,CONTACT-00064,email_sent,2024-05-27 08:00:00,outbound,0.675
ACT-000350,DEAL-0027,CONTACT-00065,call_outbound,2024-05-28 12:48:00,outbound,0.301
ACT-000351,DEAL-0027,CONTACT-00064,email_sent,2024-05-31 09:43:00,outbound,0.606
ACT-000352,DEAL-0027,CONTACT-00065,email_sent,2024-06-06 11:38:00,outbound,0.431
ACT-000353,DEAL-0027,CONTACT-00064,email_sent,2024-06-07 15:24:00,outbound,0.454
ACT-000354,DEAL-0027,CONTACT-00064,call_outbound,2024-06-12 08:03:00,outbound,0.334
ACT-000355,DEAL-0027,CONTACT-00064,email_sent,2024-06-14 09:36:00,outbound,0.313
ACT-000356,DEAL-0028,CONTACT-00067,demo,2024-03-19 10:30:00,outbound,0.678
ACT-000357,DEAL-0028,CONTACT-00067,demo,2024-03-19 15:48:00,outbound,0.565
ACT-000358,DEAL-0028,CONTACT-00067,call_outbound,2024-04-02 17:32:00,outbound,0.618
ACT-000359,DEAL-0029,CONTACT-00068,email_received,2024-03-18 09:05:00,inbound,0.692
ACT-000360,DEAL-0029,CONTACT-00068,call_outbound,2024-03-21 16:14:00,outbound,0.568
ACT-000361,DEAL-0029,CONTACT-00068,email_sent,2024-03-21 13:53:00,outbound,0.596
ACT-000362,DEAL-0029,CONTACT-00070,call_outbound,2024-03-21 08:15:00,outbound,0.386
ACT-000363,DEAL-0029,CONTACT-00069,call_outbound,2024-03-22 17:06:00,outbound,0.53
ACT-000364,DEAL-0029,CONTACT-00070,call_outbound,2024-03-22 10:08:00,outbound,0.646
ACT-000365,DEAL-0029,CONTACT-00068,email_received,2024-03-25 14:30:00,inbound,0.617
ACT-000366,DEAL-0029,CONTACT-00069,email_received,2024-03-28 17:04:00,inbound,0.353
ACT-000367,DEAL-0029,CONTACT-00068,proposal_sent,2024-03-28 13:47:00,outbound,0.782
ACT-000368,DEAL-0029,CONTACT-00068,demo,2024-03-29 08:15:00,outbound,0.586
ACT-000369,DEAL-0029,CONTACT-00068,proposal_sent,2024-04-03 15:32:00,outbound,0.284
ACT-000370,DEAL-0029,CONTACT-00069,email_sent,2024-04-03 17:45:00,outbound,0.309
ACT-000371,DEAL-0029,CONTACT-00070,proposal_sent,2024-04-04 16:39:00,outbound,0.658
ACT-000372,DEAL-0029,CONTACT-00069,proposal_sent,2024-04-05 10:48:00,outbound,0.432
ACT-000373,DEAL-0029,CONTACT-00070,call_outbound,2024-04-12 17:05:00,outbound,0.559
ACT-000374,DEAL-0029,CONTACT-00069,proposal_sent,2024-04-12 11:44:00,outbound,0.3
ACT-000375,DEAL-0029,CONTACT-00068,proposal_sent,2024-04-12 08:23:00,outbound,0.63
ACT-000376,DEAL-0029,CONTACT-00069,proposal_sent,2024-04-16 17:50:00,outbound,0.295
ACT-000377,DEAL-0029,CONTACT-00069,meeting,2024-04-17 12:35:00,inbound,0.705
ACT-000378,DEAL-0030,CONTACT-00074,call_outbound,2024-05-17 12:52:00,outbound,0.37
ACT-000379,DEAL-0030,CONTACT-00074,email_received,2024-05-30 08:34:00,inbound,0.684
ACT-000380,DEAL-0030,CONTACT-00072,email_received,2024-06-03 08:04:00,inbound,0.638
ACT-000381,DEAL-0030,CONTACT-00073,email_sent,2024-06-03 15:41:00,outbound,0.53
ACT-000382,DEAL-0030,CONTACT-00071,email_received,2024-06-04 17:17:00,inbound,0.766
ACT-000383,DEAL-0030,CONTACT-00075,call_inbound,2024-06-06 17:56:00,inbound,0.674
ACT-000384,DEAL-0030,CONTACT-00072,call_outbound,2024-06-06 16:01:00,outbound,0.662
ACT-000385,DEAL-0030,CONTACT-00071,call_outbound,2024-06-06 16:33:00,outbound,0.392
ACT-000386,DEAL-0030,CONTACT-00076,email_sent,2024-06-07 09:10:00,outbound,0.181
ACT-000387,DEAL-0030,CONTACT-00075,email_received,2024-06-07 15:33:00,inbound,0.837
ACT-000388,DEAL-0030,CONTACT-00074,call_outbound,2024-06-11 10:32:00,outbound,0.656
ACT-000389,DEAL-0030,CONTACT-00072,call_inbound,2024-06-13 09:52:00,inbound,0.839
ACT-000390,DEAL-0030,CONTACT-00073,demo,2024-06-13 08:54:00,outbound,0.514
ACT-000391,DEAL-0030,CONTACT-00075,meeting,2024-06-14 16:14:00,inbound,0.781
ACT-000392,DEAL-0030,CONTACT-00071,call_outbound,2024-06-14 08:18:00,outbound,0.701
ACT-000393,DEAL-0030,CONTACT-00073,call_inbound,2024-06-17 15:34:00,inbound,0.692
ACT-000394,DEAL-0030,CONTACT-00075,meeting,2024-06-17 10:01:00,inbound,0.512
ACT-000395,DEAL-0030,CONTACT-00071,meeting,2024-06-18 16:00:00,inbound,0.744
ACT-000396,DEAL-0030,CONTACT-00071,call_inbound,2024-06-19 14:29:00,inbound,0.856
ACT-000397,DEAL-0030,CONTACT-00072,email_received,2024-06-19 16:26:00,inbound,0.631
ACT-000398,DEAL-0030,CONTACT-00073,email_sent,2024-06-20 16:56:00,outbound,0.367
ACT-000399,DEAL-0030,CONTACT-00076,email_sent,2024-06-21 13:02:00,outbound,0.554
ACT-000400,DEAL-0030,CONTACT-00076,meeting,2024-06-24 15:47:00,inbound,0.585
ACT-000401,DEAL-0030,CONTACT-00076,meeting,2024-06-24 15:17:00,inbound,0.539
ACT-000402,DEAL-0030,CONTACT-00072,call_outbound,2024-06-25 17:13:00,outbound,0.659
ACT-000403,DEAL-0030,CONTACT-00074,call_inbound,2024-06-25 08:18:00,inbound,0.814
ACT-000404,DEAL-0030,CONTACT-00073,meeting,2024-06-28 10:57:00,inbound,0.668
ACT-000405,DEAL-0030,CONTACT-00075,call_inbound,2024-07-04 14:32:00,inbound,0.683
ACT-000406,DEAL-0030,CONTACT-00075,email_received,2024-07-05 15:35:00,inbound,0.76
ACT-000407,DEAL-0030,CONTACT-00075,meeting,2024-07-08 08:47:00,inbound,0.719
ACT-000408,DEAL-0030,CONTACT-00072,email_sent,2024-07-08 09:19:00,outbound,0.597
ACT-000409,DEAL-0030,CONTACT-00074,email_sent,2024-07-08 09:54:00,outbound,0.694
ACT-000410,DEAL-0030,CONTACT-00074,meeting,2024-07-09 11:43:00,inbound,0.56
ACT-000411,DEAL-0030,CONTACT-00076,call_outbound,2024-07-11 11:11:00,outbound,0.562
ACT-000412,DEAL-0030,CONTACT-00075,meeting,2024-07-15 15:37:00,inbound,0.524
ACT-000413,DEAL-0030,CONTACT-00075,email_sent,2024-07-18 15:07:00,outbound,0.352
ACT-000414,DEAL-0030,CONTACT-00074,call_outbound,2024-07-18 17:56:00,outbound,0.286
ACT-000415,DEAL-0030,CONTACT-00071,call_inbound,2024-07-18 16:06:00,inbound,0.664
ACT-000416,DEAL-0030,CONTACT-00072,proposal_sent,2024-07-19 09:41:00,outbound,0.309
ACT-000417,DEAL-0030,CONTACT-00075,call_outbound,2024-07-25 08:47:00,outbound,0.359
ACT-000418,DEAL-0030,CONTACT-00071,email_sent,2024-07-25 08:09:00,outbound,0.574
ACT-000419,DEAL-0030,CONTACT-00072,email_sent,2024-07-26 15:31:00,outbound,0.352
ACT-000420,DEAL-0031,CONTACT-00079,email_received,2024-05-09 15:33:00,inbound,0.707
ACT-000421,DEAL-0031,CONTACT-00080,email_received,2024-05-10 08:32:00,inbound,0.682
ACT-000422,DEAL-0031,CONTACT-00079,meeting,2024-05-13 10:56:00,inbound,0.44
ACT-000423,DEAL-0031,CONTACT-00080,call_outbound,2024-05-17 17:13:00,outbound,0.342
ACT-000424,DEAL-0032,CONTACT-00081,demo,2024-05-01 17:28:00,outbound,0.3
ACT-000425,DEAL-0032,CONTACT-00081,proposal_sent,2024-05-02 09:12:00,outbound,0.237
ACT-000426,DEAL-0032,CONTACT-00081,call_outbound,2024-05-07 16:12:00,outbound,0.39
ACT-000427,DEAL-0033,CONTACT-00085,email_sent,2024-05-23 14:36:00,outbound,0.329
ACT-000428,DEAL-0033,CONTACT-00084,email_sent,2024-05-24 17:48:00,outbound,0.632
ACT-000429,DEAL-0033,CONTACT-00084,call_outbound,2024-05-27 17:30:00,outbound,0.66
ACT-000430,DEAL-0033,CONTACT-00084,email_sent,2024-05-30 13:55:00,outbound,0.361
ACT-000431,DEAL-0033,CONTACT-00084,call_inbound,2024-05-30 17:55:00,inbound,0.6
ACT-000432,DEAL-0033,CONTACT-00084,email_received,2024-06-03 14:36:00,inbound,0.717
ACT-000433,DEAL-0033,CONTACT-00084,call_outbound,2024-06-03 08:53:00,outbound,0.613
ACT-000434,DEAL-0033,CONTACT-00086,email_sent,2024-06-10 08:35:00,outbound,0.297
ACT-000435,DEAL-0033,CONTACT-00086,demo,2024-06-10 08:39:00,outbound,0.649
ACT-000436,DEAL-0033,CONTACT-00084,call_inbound,2024-06-13 08:48:00,inbound,0.387
ACT-000437,DEAL-0033,CONTACT-00085,call_inbound,2024-06-14 14:32:00,inbound,0.723
ACT-000438,DEAL-0033,CONTACT-00086,email_received,2024-06-19 09:38:00,inbound,0.707
ACT-000439,DEAL-0033,CONTACT-00085,meeting,2024-06-21 09:40:00,inbound,0.869
ACT-000440,DEAL-0033,CONTACT-00085,email_sent,2024-06-24 14:08:00,outbound,0.631
ACT-000441,DEAL-0033,CONTACT-00085,meeting,2024-07-02 12:25:00,inbound,0.768
ACT-000442,DEAL-0033,CONTACT-00085,meeting,2024-07-05 11:32:00,inbound,0.756
ACT-000443,DEAL-0033,CONTACT-00084,call_inbound,2024-07-10 08:04:00,inbound,0.797
ACT-000444,DEAL-0033,CONTACT-00085,proposal_sent,2024-07-10 08:39:00,outbound,0.654
ACT-000445,DEAL-0033,CONTACT-00086,email_received,2024-07-10 13:35:00,inbound,0.609
ACT-000446,DEAL-0033,CONTACT-00085,proposal_sent,2024-07-16 13:05:00,outbound,0.865
ACT-000447,DEAL-0033,CONTACT-00085,email_received,2024-07-17 08:12:00,inbound,0.791
ACT-000448,DEAL-0033,CONTACT-00085,call_inbound,2024-07-17 13:14:00,inbound,0.49
ACT-000449,DEAL-0033,CONTACT-00084,email_received,2024-07-19 15:19:00,inbound,0.588
ACT-000450,DEAL-0033,CONTACT-00085,call_outbound,2024-07-19 09:20:00,outbound,0.521
ACT-000451,DEAL-0033,CONTACT-00084,email_received,2024-07-19 08:23:00,inbound,0.517
ACT-000452,DEAL-0033,CONTACT-00086,email_sent,2024-07-19 17:01:00,outbound,0.679
ACT-000453,DEAL-0034,CONTACT-00088,email_received,2024-06-24 17:31:00,inbound,0.244
ACT-000454,DEAL-0035,CONTACT-00089,email_received,2024-05-08 16:40:00,inbound,0.568
ACT-000455,DEAL-0035,CONTACT-00091,email_sent,2024-05-08 12:15:00,outbound,0.325
ACT-000456,DEAL-0035,CONTACT-00091,email_sent,2024-05-13 11:36:00,outbound,0.568
ACT-000457,DEAL-0035,CONTACT-00089,email_received,2024-05-13 10:56:00,inbound,0.635
ACT-000458,DEAL-0035,CONTACT-00090,email_received,2024-05-14 16:26:00,inbound,0.551
ACT-000459,DEAL-0035,CONTACT-00090,email_received,2024-05-14 09:40:00,inbound,0.669
ACT-000460,DEAL-0035,CONTACT-00089,meeting,2024-05-14 13:11:00,inbound,0.575
ACT-000461,DEAL-0035,CONTACT-00091,demo,2024-05-15 11:19:00,outbound,0.506
ACT-000462,DEAL-0035,CONTACT-00090,email_received,2024-05-21 08:33:00,inbound,0.854
ACT-000463,DEAL-0035,CONTACT-00090,meeting,2024-05-22 08:10:00,inbound,0.483
ACT-000464,DEAL-0035,CONTACT-00089,proposal_sent,2024-05-23 13:49:00,outbound,0.364
ACT-000465,DEAL-0035,CONTACT-00091,email_sent,2024-05-23 12:43:00,outbound,0.593
ACT-000466,DEAL-0035,CONTACT-00091,email_received,2024-05-23 17:29:00,inbound,0.87
ACT-000467,DEAL-0036,CONTACT-00092,call_outbound,2024-06-12 16:39:00,outbound,0.181
ACT-000468,DEAL-0036,CONTACT-00092,call_outbound,2024-06-13 16:01:00,outbound,0.446
ACT-000469,DEAL-0036,CONTACT-00092,email_sent,2024-06-14 09:37:00,outbound,0.661
ACT-000470,DEAL-0036,CONTACT-00092,email_sent,2024-06-20 09:10:00,outbound,0.622
ACT-000471,DEAL-0036,CONTACT-00092,proposal_sent,2024-06-20 17:39:00,outbound,0.343
ACT-000472,DEAL-0036,CONTACT-00092,email_received,2024-06-21 08:13:00,inbound,0.25
ACT-000473,DEAL-0037,CONTACT-00093,email_received,2024-04-25 11:10:00,inbound,0.552
ACT-000474,DEAL-0037,CONTACT-00093,email_received,2024-04-26 10:23:00,inbound,0.415
ACT-000475,DEAL-0037,CONTACT-00093,call_outbound,2024-04-29 11:14:00,outbound,0.625
ACT-000476,DEAL-0037,CONTACT-00093,email_sent,2024-04-30 15:51:00,outbound,0.845
ACT-000477,DEAL-0037,CONTACT-00093,demo,2024-05-01 14:13:00,outbound,0.395
ACT-000478,DEAL-0037,CONTACT-00093,proposal_sent,2024-05-01 16:51:00,outbound,0.713
ACT-000479,DEAL-0037,CONTACT-00093,call_outbound,2024-05-02 13:47:00,outbound,0.493
ACT-000480,DEAL-0037,CONTACT-00093,demo,2024-05-06 14:46:00,outbound,0.74
ACT-000481,DEAL-0037,CONTACT-00093,proposal_sent,2024-05-07 14:11:00,outbound,0.257
ACT-000482,DEAL-0037,CONTACT-00093,email_received,2024-05-08 10:51:00,inbound,0.7
ACT-000483,DEAL-0037,CONTACT-00093,meeting,2024-05-09 11:32:00,inbound,0.328
ACT-000484,DEAL-0037,CONTACT-00093,email_sent,2024-05-10 12:24:00,outbound,0.448
ACT-000485,DEAL-0037,CONTACT-00093,proposal_sent,2024-05-10 08:16:00,outbound,0.628
ACT-000486,DEAL-0037,CONTACT-00093,call_outbound,2024-05-10 09:15:00,outbound,0.329
ACT-000487,DEAL-0037,CONTACT-00093,email_sent,2024-05-13 14:14:00,outbound,0.572
ACT-000488,DEAL-0037,CONTACT-00093,call_outbound,2024-05-13 11:13:00,outbound,0.612
ACT-000489,DEAL-0037,CONTACT-00093,email_sent,2024-05-14 11:14:00,outbound,0.276
ACT-000490,DEAL-0037,CONTACT-00093,meeting,2024-05-15 16:51:00,inbound,0.291
ACT-000491,DEAL-0038,CONTACT-00094,email_sent,2024-03-12 14:57:00,outbound,0.322
ACT-000492,DEAL-0038,CONTACT-00096,email_sent,2024-03-15 14:41:00,outbound,0.369
ACT-000493,DEAL-0038,CONTACT-00094,email_sent,2024-03-18 16:49:00,outbound,0.467
ACT-000494,DEAL-0038,CONTACT-00095,email_sent,2024-03-21 10:34:00,outbound,0.607
ACT-000495,DEAL-0038,CONTACT-00094,demo,2024-03-22 11:18:00,outbound,0.391
ACT-000496,DEAL-0038,CONTACT-00095,call_outbound,2024-03-28 12:55:00,outbound,0.62
ACT-000497,DEAL-0038,CONTACT-00095,email_sent,2024-03-29 15:17:00,outbound,0.71
ACT-000498,DEAL-0039,CONTACT-00101,email_sent,2024-04-16 14:02:00,outbound,0.334
ACT-000499,DEAL-0039,CONTACT-00097,email_sent,2024-04-16 08:40:00,outbound,0.758
ACT-000500,DEAL-0039,CONTACT-00098,email_received,2024-04-17 14:26:00,inbound,0.712
ACT-000501,DEAL-0039,CONTACT-00102,email_sent,2024-04-17 15:17:00,outbound,0.381
ACT-000502,DEAL-0039,CONTACT-00098,email_sent,2024-04-17 16:14:00,outbound,0.549
ACT-000503,DEAL-0039,CONTACT-00098,call_inbound,2024-04-17 16:00:00,inbound,0.639
ACT-000504,DEAL-0039,CONTACT-00097,email_received,2024-04-18 17:04:00,inbound,0.848
ACT-000505,DEAL-0039,CONTACT-00098,email_received,2024-04-19 08:47:00,inbound,0.846
ACT-000506,DEAL-0039,CONTACT-00101,call_outbound,2024-04-19 09:01:00,outbound,0.724
ACT-000507,DEAL-0039,CONTACT-00100,email_sent,2024-04-22 17:14:00,outbound,0.725
ACT-000508,DEAL-0039,CONTACT-00098,email_received,2024-04-23 17:57:00,inbound,0.682
ACT-000509,DEAL-0039,CONTACT-00102,email_received,2024-04-29 10:40:00,inbound,0.439
ACT-000510,DEAL-0039,CONTACT-00100,email_received,2024-04-29 08:44:00,inbound,0.847
ACT-000511,DEAL-0039,CONTACT-00101,email_sent,2024-04-29 16:12:00,outbound,0.554
ACT-000512,DEAL-0039,CONTACT-00100,call_outbound,2024-05-01 13:39:00,outbound,0.379
ACT-000513,DEAL-0039,CONTACT-00097,email_sent,2024-05-03 10:16:00,outbound,0.767
ACT-000514,DEAL-0039,CONTACT-00097,call_outbound,2024-05-06 16:16:00,outbound,0.838
ACT-000515,DEAL-0039,CONTACT-00102,email_received,2024-05-06 17:39:00,inbound,0.511
ACT-000516,DEAL-0039,CONTACT-00097,email_sent,2024-05-07 10:52:00,outbound,0.306
ACT-000517,DEAL-0039,CONTACT-00102,email_received,2024-05-08 08:21:00,inbound,0.651
ACT-000518,DEAL-0039,CONTACT-00101,proposal_sent,2024-05-09 14:02:00,outbound,0.672
ACT-000519,DEAL-0039,CONTACT-00099,demo,2024-05-10 08:32:00,outbound,0.776
ACT-000520,DEAL-0039,CONTACT-00101,email_received,2024-05-10 09:48:00,inbound,0.957
ACT-000521,DEAL-0039,CONTACT-00102,email_received,2024-05-13 12:06:00,inbound,0.648
ACT-000522,DEAL-0039,CONTACT-00102,call_outbound,2024-05-13 13:25:00,outbound,0.187
ACT-000523,DEAL-0039,CONTACT-00099,email_received,2024-05-14 16:41:00,inbound,0.738
ACT-000524,DEAL-0039,CONTACT-00101,email_received,2024-05-14 12:18:00,inbound,0.795
ACT-000525,DEAL-0039,CONTACT-00099,email_received,2024-05-14 09:18:00,inbound,0.454
ACT-000526,DEAL-0039,CONTACT-00098,email_sent,2024-05-15 17:31:00,outbound,0.536
ACT-000527,DEAL-0039,CONTACT-00102,email_sent,2024-05-15 11:19:00,outbound,0.682
ACT-000528,DEAL-0039,CONTACT-00101,demo,2024-05-17 16:44:00,outbound,0.604
ACT-000529,DEAL-0039,CONTACT-00098,proposal_sent,2024-05-17 08:18:00,outbound,0.828
ACT-000530,DEAL-0039,CONTACT-00102,meeting,2024-05-20 13:40:00,inbound,0.755
ACT-000531,DEAL-0039,CONTACT-00098,call_outbound,2024-05-21 15:55:00,outbound,0.368
ACT-000532,DEAL-0039,CONTACT-00097,meeting,2024-05-22 10:04:00,inbound,0.608
ACT-000533,DEAL-0039,CONTACT-00102,call_inbound,2024-05-22 12:21:00,inbound,0.84
ACT-000534,DEAL-0039,CONTACT-00100,proposal_sent,2024-05-23 11:52:00,outbound,0.281
ACT-000535,DEAL-0039,CONTACT-00100,call_outbound,2024-05-24 15:42:00,outbound,0.364
ACT-000536,DEAL-0039,CONTACT-00100,call_outbound,2024-05-24 10:14:00,outbound,0.48
ACT-000537,DEAL-0039,CONTACT-00100,meeting,2024-05-27 08:40:00,inbound,0.532
ACT-000538,DEAL-0039,CONTACT-00101,email_sent,2024-05-29 14:45:00,outbound,0.329
ACT-000539,DEAL-0039,CONTACT-00101,email_sent,2024-05-29 14:10:00,outbound,0.339
ACT-000540,DEAL-0039,CONTACT-00101,call_outbound,2024-05-29 17:58:00,outbound,0.645
ACT-000541,DEAL-0039,CONTACT-00101,email_sent,2024-05-31 16:35:00,outbound,0.745
ACT-000542,DEAL-0039,CONTACT-00100,email_sent,2024-05-31 15:12:00,outbound,0.331
ACT-000543,DEAL-0039,CONTACT-00098,call_inbound,2024-05-31 13:00:00,inbound,0.699
ACT-000544,DEAL-0039,CONTACT-00097,meeting,2024-06-03 12:00:00,inbound,0.71
ACT-000545,DEAL-0039,CONTACT-00101,meeting,2024-06-03 12:40:00,inbound,0.818
ACT-000546,DEAL-0039,CONTACT-00101,call_inbound,2024-06-03 10:17:00,inbound,0.494
ACT-000547,DEAL-0039,CONTACT-00097,email_sent,2024-06-04 16:03:00,outbound,0.321
ACT-000548,DEAL-0039,CONTACT-00098,meeting,2024-06-04 08:13:00,inbound,0.424
ACT-000549,DEAL-0039,CONTACT-00102,email_sent,2024-06-04 17:40:00,outbound,0.369
ACT-000550,DEAL-0039,CONTACT-00102,email_received,2024-06-04 17:55:00,inbound,0.832
ACT-000551,DEAL-0039,CONTACT-00101,call_outbound,2024-06-06 11:21:00,outbound,0.169
ACT-000552,DEAL-0040,CONTACT-00105,call_outbound,2024-01-22 16:11:00,outbound,0.219
ACT-000553,DEAL-0040,CONTACT-00104,call_inbound,2024-01-24 14:27:00,inbound,0.642
ACT-000554,DEAL-0040,CONTACT-00104,demo,2024-01-30 13:19:00,outbound,0.493
ACT-000555,DEAL-0040,CONTACT-00103,demo,2024-01-31 15:14:00,outbound,0.294
ACT-000556,DEAL-0040,CONTACT-00104,email_sent,2024-02-06 17:54:00,outbound,0.495
ACT-000557,DEAL-0040,CONTACT-00105,proposal_sent,2024-02-07 14:29:00,outbound,0.377
ACT-000558,DEAL-0040,CONTACT-00104,call_outbound,2024-02-08 10:25:00,outbound,0.687
ACT-000559,DEAL-0040,CONTACT-00105,email_sent,2024-02-08 16:52:00,outbound,0.356
ACT-000560,DEAL-0040,CONTACT-00105,call_outbound,2024-02-09 13:07:00,outbound,0.587
ACT-000561,DEAL-0041,CONTACT-00106,email_sent,2024-03-26 11:44:00,outbound,0.636
ACT-000562,DEAL-0041,CONTACT-00107,email_received,2024-03-26 14:07:00,inbound,0.797
ACT-000563,DEAL-0041,CONTACT-00107,email_received,2024-03-27 12:19:00,inbound,0.692
ACT-000564,DEAL-0041,CONTACT-00108,email_received,2024-03-27 12:45:00,inbound,0.585
ACT-000565,DEAL-0041,CONTACT-00108,email_sent,2024-03-29 08:07:00,outbound,0.557
ACT-000566,DEAL-0041,CONTACT-00106,demo,2024-03-29 10:05:00,outbound,0.678
ACT-000567,DEAL-0041,CONTACT-00108,meeting,2024-03-29 16:01:00,inbound,0.831
ACT-000568,DEAL-0041,CONTACT-00106,proposal_sent,2024-04-01 13:57:00,outbound,0.47
ACT-000569,DEAL-0041,CONTACT-00108,meeting,2024-04-02 10:32:00,inbound,0.816
ACT-000570,DEAL-0041,CONTACT-00108,call_inbound,2024-04-03 10:51:00,inbound,0.785
ACT-000571,DEAL-0041,CONTACT-00108,meeting,2024-04-04 09:13:00,inbound,0.926
ACT-000572,DEAL-0041,CONTACT-00108,call_outbound,2024-04-04 09:22:00,outbound,0.43
ACT-000573,DEAL-0041,CONTACT-00108,meeting,2024-04-04 11:50:00,inbound,0.371
ACT-000574,DEAL-0041,CONTACT-00108,meeting,2024-04-04 13:26:00,inbound,0.778
ACT-000575,DEAL-0041,CONTACT-00106,email_sent,2024-04-04 15:58:00,outbound,0.379
ACT-000576,DEAL-0041,CONTACT-00106,call_inbound,2024-04-08 12:18:00,inbound,0.593
ACT-000577,DEAL-0041,CONTACT-00106,meeting,2024-04-08 10:28:00,inbound,0.287
ACT-000578,DEAL-0041,CONTACT-00108,meeting,2024-04-09 12:23:00,inbound,0.814
ACT-000579,DEAL-0042,CONTACT-00110,email_received,2024-03-04 13:15:00,inbound,0.173
ACT-000580,DEAL-0042,CONTACT-00110,email_sent,2024-03-05 12:25:00,outbound,0.7
ACT-000581,DEAL-0042,CONTACT-00109,email_sent,2024-03-06 17:47:00,outbound,0.502
ACT-000582,DEAL-0042,CONTACT-00109,email_sent,2024-03-11 16:28:00,outbound,0.648
ACT-000583,DEAL-0042,CONTACT-00109,email_sent,2024-03-11 08:49:00,outbound,0.459
ACT-000584,DEAL-0042,CONTACT-00110,email_received,2024-03-12 14:27:00,inbound,0.224
ACT-000585,DEAL-0042,CONTACT-00109,email_sent,2024-03-13 17:11:00,outbound,0.641
ACT-000586,DEAL-0042,CONTACT-00109,email_sent,2024-03-14 16:35:00,outbound,0.929
ACT-000587,DEAL-0042,CONTACT-00109,email_sent,2024-03-19 17:41:00,outbound,0.48
ACT-000588,DEAL-0042,CONTACT-00109,call_inbound,2024-03-19 17:34:00,inbound,0.484
ACT-000589,DEAL-0042,CONTACT-00110,call_outbound,2024-03-28 09:25:00,outbound,0.781
ACT-000590,DEAL-0042,CONTACT-00109,email_received,2024-03-29 16:23:00,inbound,0.651
ACT-000591,DEAL-0042,CONTACT-00110,email_received,2024-04-02 12:13:00,inbound,0.619
ACT-000592,DEAL-0043,CONTACT-00112,email_sent,2024-02-22 16:09:00,outbound,0.721
ACT-000593,DEAL-0043,CONTACT-00112,email_sent,2024-02-22 16:23:00,outbound,0.393
ACT-000594,DEAL-0043,CONTACT-00111,email_sent,2024-02-23 10:00:00,outbound,0.202
ACT-000595,DEAL-0043,CONTACT-00111,email_sent,2024-03-08 16:43:00,outbound,0.764
ACT-000596,DEAL-0043,CONTACT-00112,email_sent,2024-03-11 15:47:00,outbound,0.432
ACT-000597,DEAL-0044,CONTACT-00113,call_outbound,2024-06-14 15:42:00,outbound,0.47
ACT-000598,DEAL-0044,CONTACT-00114,email_sent,2024-06-24 16:39:00,outbound,0.527
ACT-000599,DEAL-0044,CONTACT-00116,meeting,2024-06-25 16:41:00,inbound,0.562
ACT-000600,DEAL-0044,CONTACT-00114,proposal_sent,2024-06-27 15:55:00,outbound,0.645
ACT-000601,DEAL-0044,CONTACT-00115,proposal_sent,2024-06-28 12:38:00,outbound,0.395
ACT-000602,DEAL-0044,CONTACT-00115,proposal_sent,2024-07-04 13:44:00,outbound,0.401
ACT-000603,DEAL-0044,CONTACT-00115,email_sent,2024-07-04 15:16:00,outbound,0.753
ACT-000604,DEAL-0044,CONTACT-00116,call_inbound,2024-07-10 15:16:00,inbound,0.532
ACT-000605,DEAL-0044,CONTACT-00114,proposal_sent,2024-07-15 12:05:00,outbound,0.398
ACT-000606,DEAL-0044,CONTACT-00114,proposal_sent,2024-07-15 12:34:00,outbound,0.457
ACT-000607,DEAL-0045,CONTACT-00117,call_outbound,2024-05-21 15:06:00,outbound,0.605
ACT-000608,DEAL-0045,CONTACT-00117,email_received,2024-05-23 17:43:00,inbound,0.611
ACT-000609,DEAL-0045,CONTACT-00117,email_sent,2024-05-23 16:52:00,outbound,0.462
ACT-000610,DEAL-0045,CONTACT-00117,email_received,2024-05-29 10:49:00,inbound,0.61
ACT-000611,DEAL-0045,CONTACT-00117,email_sent,2024-06-03 14:22:00,outbound,0.541
ACT-000612,DEAL-0045,CONTACT-00117,email_sent,2024-06-05 12:00:00,outbound,0.429
ACT-000613,DEAL-0045,CONTACT-00117,email_received,2024-06-06 13:14:00,inbound,0.558
ACT-000614,DEAL-0045,CONTACT-00117,demo,2024-06-12 12:00:00,outbound,0.465
ACT-000615,DEAL-0045,CONTACT-00117,email_sent,2024-06-13 15:18:00,outbound,0.455
ACT-000616,DEAL-0045,CONTACT-00117,demo,2024-06-14 17:58:00,outbound,0.322
ACT-000617,DEAL-0045,CONTACT-00117,call_outbound,2024-06-14 14:00:00,outbound,0.242
ACT-000618,DEAL-0045,CONTACT-00117,email_sent,2024-06-26 11:50:00,outbound,0.245
ACT-000619,DEAL-0045,CONTACT-00117,email_sent,2024-07-01 14:54:00,outbound,0.507
ACT-000620,DEAL-0046,CONTACT-00118,demo,2024-03-27 16:09:00,outbound,0.326
ACT-000621,DEAL-0046,CONTACT-00118,email_sent,2024-03-28 12:33:00,outbound,0.542
ACT-000622,DEAL-0046,CONTACT-00118,email_received,2024-03-29 16:35:00,inbound,0.533
ACT-000623,DEAL-0046,CONTACT-00118,email_sent,2024-04-01 15:57:00,outbound,0.519
ACT-000624,DEAL-0046,CONTACT-00118,email_received,2024-04-04 12:46:00,inbound,0.451
ACT-000625,DEAL-0047,CONTACT-00120,call_outbound,2024-02-21 12:29:00,outbound,0.183
ACT-000626,DEAL-0047,CONTACT-00121,email_received,2024-02-21 14:58:00,inbound,0.383
ACT-000627,DEAL-0047,CONTACT-00119,call_outbound,2024-02-22 11:25:00,outbound,0.717
ACT-000628,DEAL-0047,CONTACT-00119,call_outbound,2024-02-29 15:01:00,outbound,0.331
ACT-000629,DEAL-0048,CONTACT-00122,email_received,2024-05-09 13:23:00,inbound,0.632
ACT-000630,DEAL-0048,CONTACT-00123,proposal_sent,2024-05-13 08:40:00,outbound,0.297
ACT-000631,DEAL-0048,CONTACT-00124,meeting,2024-05-15 13:12:00,inbound,0.597
ACT-000632,DEAL-0048,CONTACT-00123,meeting,2024-05-15 16:29:00,inbound,0.674
ACT-000633,DEAL-0049,CONTACT-00125,call_outbound,2024-06-14 09:04:00,outbound,0.694
ACT-000634,DEAL-0049,CONTACT-00125,call_outbound,2024-06-17 16:32:00,outbound,0.811
ACT-000635,DEAL-0049,CONTACT-00125,call_outbound,2024-06-26 15:13:00,outbound,0.836
ACT-000636,DEAL-0050,CONTACT-00126,call_outbound,2024-04-23 09:54:00,outbound,0.581
ACT-000637,DEAL-0050,CONTACT-00127,call_inbound,2024-04-26 12:24:00,inbound,0.387
ACT-000638,DEAL-0050,CONTACT-00126,email_sent,2024-05-01 13:49:00,outbound,0.575
ACT-000639,DEAL-0050,CONTACT-00126,email_sent,2024-05-03 12:30:00,outbound,0.629
ACT-000640,DEAL-0050,CONTACT-00127,proposal_sent,2024-05-22 13:21:00,outbound,0.525
ACT-000641,DEAL-0051,CONTACT-00128,call_outbound,2024-02-02 16:55:00,outbound,0.402
ACT-000642,DEAL-0051,CONTACT-00128,email_sent,2024-02-06 11:22:00,outbound,0.577
ACT-000643,DEAL-0051,CONTACT-00128,email_received,2024-02-06 08:56:00,inbound,0.389
ACT-000644,DEAL-0051,CONTACT-00128,call_outbound,2024-02-09 08:12:00,outbound,0.688
ACT-000645,DEAL-0051,CONTACT-00128,email_sent,2024-02-14 16:33:00,outbound,0.859
ACT-000646,DEAL-0051,CONTACT-00128,email_sent,2024-02-16 08:21:00,outbound,0.433
ACT-000647,DEAL-0051,CONTACT-00128,email_sent,2024-02-19 17:20:00,outbound,0.446
ACT-000648,DEAL-0051,CONTACT-00128,email_sent,2024-02-26 14:34:00,outbound,0.526
ACT-000649,DEAL-0051,CONTACT-00128,call_outbound,2024-03-06 15:06:00,outbound,0.646
ACT-000650,DEAL-0052,CONTACT-00131,email_sent,2024-07-12 15:17:00,outbound,0.388
ACT-000651,DEAL-0052,CONTACT-00129,email_sent,2024-07-16 14:41:00,outbound,0.462
ACT-000652,DEAL-0052,CONTACT-00131,email_sent,2024-07-16 09:28:00,outbound,0.355
ACT-000653,DEAL-0052,CONTACT-00129,proposal_sent,2024-07-24 08:03:00,outbound,0.88
ACT-000654,DEAL-0052,CONTACT-00130,email_sent,2024-07-24 09:39:00,outbound,0.329
ACT-000655,DEAL-0052,CONTACT-00129,call_outbound,2024-07-24 09:38:00,outbound,0.667
ACT-000656,DEAL-0052,CONTACT-00131,proposal_sent,2024-07-29 09:13:00,outbound,0.448
ACT-000657,DEAL-0052,CONTACT-00130,email_sent,2024-07-30 12:23:00,outbound,0.51
ACT-000658,DEAL-0053,CONTACT-00133,email_received,2024-07-01 09:08:00,inbound,0.548
ACT-000659,DEAL-0053,CONTACT-00136,call_outbound,2024-07-02 10:34:00,outbound,0.712
ACT-000660,DEAL-0053,CONTACT-00132,email_sent,2024-07-04 15:35:00,outbound,0.431
ACT-000661,DEAL-0053,CONTACT-00133,email_sent,2024-07-04 14:47:00,outbound,0.645
ACT-000662,DEAL-0053,CONTACT-00135,email_received,2024-07-11 15:22:00,inbound,0.585
ACT-000663,DEAL-0053,CONTACT-00136,email_sent,2024-07-11 14:28:00,outbound,0.288
ACT-000664,DEAL-0053,CONTACT-00134,email_received,2024-07-22 11:05:00,inbound,0.644
ACT-000665,DEAL-0053,CONTACT-00135,call_outbound,2024-07-23 08:20:00,outbound,0.375
ACT-000666,DEAL-0053,CONTACT-00136,email_sent,2024-07-23 15:55:00,outbound,0.712
ACT-000667,DEAL-0053,CONTACT-00136,email_received,2024-07-23 08:24:00,inbound,0.645
ACT-000668,DEAL-0053,CONTACT-00132,proposal_sent,2024-07-24 10:26:00,outbound,0.854
ACT-000669,DEAL-0053,CONTACT-00134,call_inbound,2024-07-25 13:45:00,inbound,0.412
ACT-000670,DEAL-0053,CONTACT-00132,meeting,2024-07-30 17:27:00,inbound,0.405
ACT-000671,DEAL-0053,CONTACT-00134,call_inbound,2024-07-30 12:23:00,inbound,0.787
ACT-000672,DEAL-0053,CONTACT-00135,email_received,2024-07-31 10:45:00,inbound,0.644
ACT-000673,DEAL-0053,CONTACT-00134,email_sent,2024-08-01 15:21:00,outbound,0.64
ACT-000674,DEAL-0053,CONTACT-00135,email_sent,2024-08-01 17:48:00,outbound,0.65
ACT-000675,DEAL-0053,CONTACT-00134,email_received,2024-08-01 14:28:00,inbound,0.34
ACT-000676,DEAL-0053,CONTACT-00136,demo,2024-08-02 12:27:00,outbound,0.591
ACT-000677,DEAL-0053,CONTACT-00132,email_sent,2024-08-06 09:13:00,outbound,0.335
ACT-000678,DEAL-0053,CONTACT-00136,email_received,2024-08-06 17:24:00,inbound,0.798
ACT-000679,DEAL-0053,CONTACT-00134,email_sent,2024-08-07 14:15:00,outbound,0.339
ACT-000680,DEAL-0053,CONTACT-00135,meeting,2024-08-08 10:53:00,inbound,0.743
ACT-000681,DEAL-0053,CONTACT-00135,call_outbound,2024-08-08 14:37:00,outbound,0.228
ACT-000682,DEAL-0053,CONTACT-00134,email_sent,2024-08-08 09:00:00,outbound,0.495
ACT-000683,DEAL-0053,CONTACT-00136,email_received,2024-08-08 09:16:00,inbound,0.558
ACT-000684,DEAL-0053,CONTACT-00134,email_sent,2024-08-09 16:56:00,outbound,0.345
ACT-000685,DEAL-0053,CONTACT-00133,email_received,2024-08-12 14:27:00,inbound,0.716
ACT-000686,DEAL-0053,CONTACT-00132,demo,2024-08-14 08:41:00,outbound,0.297
ACT-000687,DEAL-0053,CONTACT-00133,meeting,2024-08-14 17:32:00,inbound,0.688
ACT-000688,DEAL-0053,CONTACT-00136,email_sent,2024-08-15 17:34:00,outbound,0.598
ACT-000689,DEAL-0053,CONTACT-00134,email_received,2024-08-19 09:16:00,inbound,0.296
ACT-000690,DEAL-0053,CONTACT-00133,call_outbound,2024-08-19 17:38:00,outbound,0.657
ACT-000691,DEAL-0053,CONTACT-00134,proposal_sent,2024-08-21 12:02:00,outbound,0.639
ACT-000692,DEAL-0053,CONTACT-00136,email_sent,2024-08-21 14:09:00,outbound,0.696
ACT-000693,DEAL-0053,CONTACT-00136,call_inbound,2024-08-21 12:54:00,inbound,0.383
ACT-000694,DEAL-0053,CONTACT-00136,meeting,2024-08-21 17:46:00,inbound,0.685
ACT-000695,DEAL-0053,CONTACT-00135,meeting,2024-08-22 08:21:00,inbound,0.325
ACT-000696,DEAL-0053,CONTACT-00136,email_sent,2024-08-27 11:12:00,outbound,0.797
ACT-000697,DEAL-0053,CONTACT-00135,call_inbound,2024-08-27 09:13:00,inbound,0.803
ACT-000698,DEAL-0053,CONTACT-00133,email_received,2024-08-28 08:45:00,inbound,0.861
ACT-000699,DEAL-0053,CONTACT-00134,meeting,2024-08-28 14:35:00,inbound,0.75
ACT-000700,DEAL-0053,CONTACT-00134,email_received,2024-08-29 10:43:00,inbound,0.739
ACT-000701,DEAL-0053,CONTACT-00132,call_inbound,2024-08-30 16:52:00,inbound,0.657
ACT-000702,DEAL-0053,CONTACT-00132,email_sent,2024-09-03 10:09:00,outbound,0.555
ACT-000703,DEAL-0053,CONTACT-00132,proposal_sent,2024-09-05 10:07:00,outbound,0.563
ACT-000704,DEAL-0053,CONTACT-00132,proposal_sent,2024-09-05 12:58:00,outbound,0.517
ACT-000705,DEAL-0053,CONTACT-00133,call_outbound,2024-09-06 16:29:00,outbound,0.604
ACT-000706,DEAL-0053,CONTACT-00136,call_inbound,2024-09-06 10:54:00,inbound,0.674
ACT-000707,DEAL-0053,CONTACT-00136,call_outbound,2024-09-09 10:25:00,outbound,0.357
ACT-000708,DEAL-0053,CONTACT-00135,email_sent,2024-09-10 08:47:00,outbound,0.223
ACT-000709,DEAL-0053,CONTACT-00133,proposal_sent,2024-09-11 10:14:00,outbound,0.259
ACT-000710,DEAL-0053,CONTACT-00135,proposal_sent,2024-09-12 12:11:00,outbound,0.365
ACT-000711,DEAL-0053,CONTACT-00135,call_outbound,2024-09-12 16:05:00,outbound,0.792
ACT-000712,DEAL-0054,CONTACT-00139,email_sent,2024-07-03 08:39:00,outbound,0.387
ACT-000713,DEAL-0054,CONTACT-00137,call_outbound,2024-07-04 11:15:00,outbound,0.683
ACT-000714,DEAL-0054,CONTACT-00138,email_sent,2024-07-04 17:56:00,outbound,0.413
ACT-000715,DEAL-0054,CONTACT-00141,email_sent,2024-07-04 09:13:00,outbound,0.867
ACT-000716,DEAL-0054,CONTACT-00137,call_inbound,2024-07-05 16:47:00,inbound,0.724
ACT-000717,DEAL-0054,CONTACT-00139,email_received,2024-07-08 15:19:00,inbound,0.812
ACT-000718,DEAL-0054,CONTACT-00140,email_sent,2024-07-08 11:41:00,outbound,0.249
ACT-000719,DEAL-0054,CONTACT-00140,email_sent,2024-07-09 13:27:00,outbound,0.47
ACT-000720,DEAL-0054,CONTACT-00140,email_received,2024-07-12 14:18:00,inbound,0.889
ACT-000721,DEAL-0054,CONTACT-00137,call_outbound,2024-07-12 14:56:00,outbound,0.609
ACT-000722,DEAL-0054,CONTACT-00140,meeting,2024-07-15 11:49:00,inbound,0.796
ACT-000723,DEAL-0054,CONTACT-00141,email_sent,2024-07-17 15:53:00,outbound,0.692
ACT-000724,DEAL-0054,CONTACT-00137,email_sent,2024-07-17 16:12:00,outbound,0.342
ACT-000725,DEAL-0054,CONTACT-00141,email_sent,2024-07-18 08:43:00,outbound,0.529
ACT-000726,DEAL-0054,CONTACT-00137,proposal_sent,2024-07-18 11:50:00,outbound,0.225
ACT-000727,DEAL-0054,CONTACT-00137,demo,2024-07-18 09:54:00,outbound,0.196
ACT-000728,DEAL-0054,CONTACT-00139,proposal_sent,2024-07-18 12:57:00,outbound,0.564
ACT-000729,DEAL-0054,CONTACT-00141,email_received,2024-07-22 11:31:00,inbound,0.572
ACT-000730,DEAL-0054,CONTACT-00141,email_received,2024-07-22 11:22:00,inbound,0.826
ACT-000731,DEAL-0054,CONTACT-00140,meeting,2024-07-23 16:13:00,inbound,0.597
ACT-000732,DEAL-0054,CONTACT-00140,email_sent,2024-07-24 15:01:00,outbound,0.489
ACT-000733,DEAL-0054,CONTACT-00139,demo,2024-07-25 15:06:00,outbound,0.564
ACT-000734,DEAL-0054,CONTACT-00141,meeting,2024-07-26 12:37:00,inbound,0.551
ACT-000735,DEAL-0054,CONTACT-00138,proposal_sent,2024-07-26 09:11:00,outbound,0.885
ACT-000736,DEAL-0054,CONTACT-00138,email_received,2024-07-31 12:14:00,inbound,0.443
ACT-000737,DEAL-0054,CONTACT-00141,call_outbound,2024-08-01 10:46:00,outbound,0.483
ACT-000738,DEAL-0054,CONTACT-00138,email_sent,2024-08-06 10:49:00,outbound,0.308
ACT-000739,DEAL-0054,CONTACT-00138,email_received,2024-08-09 09:29:00,inbound,0.67
ACT-000740,DEAL-0054,CONTACT-00140,proposal_sent,2024-08-12 12:28:00,outbound,0.746
ACT-000741,DEAL-0055,CONTACT-00144,email_sent,2024-06-03 14:43:00,outbound,0.757
ACT-000742,DEAL-0055,CONTACT-00143,demo,2024-06-10 09:08:00,outbound,0.527
ACT-000743,DEAL-0055,CONTACT-00142,email_sent,2024-06-17 17:11:00,outbound,0.288
ACT-000744,DEAL-0055,CONTACT-00144,proposal_sent,2024-06-19 17:57:00,outbound,0.606
ACT-000745,DEAL-0056,CONTACT-00145,call_outbound,2024-05-01 15:02:00,outbound,0.436
ACT-000746,DEAL-0056,CONTACT-00146,email_sent,2024-05-01 09:08:00,outbound,0.594
ACT-000747,DEAL-0056,CONTACT-00148,call_inbound,2024-05-03 14:25:00,inbound,0.592
ACT-000748,DEAL-0056,CONTACT-00145,email_sent,2024-05-06 13:11:00,outbound,0.659
ACT-000749,DEAL-0056,CONTACT-00147,email_sent,2024-05-08 14:19:00,outbound,0.411
ACT-000750,DEAL-0056,CONTACT-00145,call_outbound,2024-05-08 15:32:00,outbound,0.312
ACT-000751,DEAL-0056,CONTACT-00146,email_received,2024-05-10 17:50:00,inbound,0.657
ACT-000752,DEAL-0056,CONTACT-00146,email_received,2024-05-10 12:20:00,inbound,0.56
ACT-000753,DEAL-0056,CONTACT-00147,email_received,2024-05-14 09:22:00,inbound,0.614
ACT-000754,DEAL-0056,CONTACT-00147,email_received,2024-05-15 11:26:00,inbound,0.436
ACT-000755,DEAL-0056,CONTACT-00148,call_inbound,2024-05-15 14:49:00,inbound,0.35
ACT-000756,DEAL-0056,CONTACT-00145,call_outbound,2024-05-16 15:07:00,outbound,0.522
ACT-000757,DEAL-0056,CONTACT-00149,email_sent,2024-05-21 13:40:00,outbound,0.466
ACT-000758,DEAL-0056,CONTACT-00146,demo,2024-05-23 15:56:00,outbound,0.213
ACT-000759,DEAL-0056,CONTACT-00146,email_sent,2024-05-27 08:42:00,outbound,0.642
ACT-000760,DEAL-0056,CONTACT-00145,call_outbound,2024-05-30 14:58:00,outbound,0.649
ACT-000761,DEAL-0056,CONTACT-00147,email_sent,2024-05-30 14:24:00,outbound,0.593
ACT-000762,DEAL-0056,CONTACT-00147,call_outbound,2024-05-31 13:03:00,outbound,0.132
ACT-000763,DEAL-0056,CONTACT-00145,email_sent,2024-06-04 13:20:00,outbound,0.418
ACT-000764,DEAL-0056,CONTACT-00148,proposal_sent,2024-06-06 13:18:00,outbound,0.692
ACT-000765,DEAL-0056,CONTACT-00145,email_sent,2024-06-06 09:32:00,outbound,0.237
ACT-000766,DEAL-0056,CONTACT-00145,email_received,2024-06-07 15:27:00,inbound,0.701
ACT-000767,DEAL-0056,CONTACT-00147,email_sent,2024-06-07 08:52:00,outbound,0.528
ACT-000768,DEAL-0056,CONTACT-00147,call_outbound,2024-06-10 11:35:00,outbound,0.729
ACT-000769,DEAL-0056,CONTACT-00149,proposal_sent,2024-06-11 14:28:00,outbound,0.461
ACT-000770,DEAL-0056,CONTACT-00147,meeting,2024-06-11 09:24:00,inbound,0.722
ACT-000771,DEAL-0056,CONTACT-00147,email_sent,2024-06-12 12:01:00,outbound,0.516
ACT-000772,DEAL-0056,CONTACT-00148,proposal_sent,2024-06-13 13:17:00,outbound,0.799
ACT-000773,DEAL-0056,CONTACT-00146,call_outbound,2024-06-14 17:23:00,outbound,0.878
ACT-000774,DEAL-0057,CONTACT-00150,email_received,2024-05-20 16:21:00,inbound,0.497
ACT-000775,DEAL-0057,CONTACT-00150,email_received,2024-05-21 16:40:00,inbound,0.269
ACT-000776,DEAL-0057,CONTACT-00150,call_inbound,2024-05-21 13:41:00,inbound,0.516
ACT-000777,DEAL-0057,CONTACT-00150,email_received,2024-05-24 10:00:00,inbound,0.489
ACT-000778,DEAL-0057,CONTACT-00150,call_outbound,2024-05-28 16:37:00,outbound,0.584
ACT-000779,DEAL-0057,CONTACT-00150,meeting,2024-05-30 17:58:00,inbound,0.436
ACT-000780,DEAL-0057,CONTACT-00150,email_sent,2024-05-31 09:24:00,outbound,0.358
ACT-000781,DEAL-0057,CONTACT-00150,email_sent,2024-05-31 11:32:00,outbound,0.736
ACT-000782,DEAL-0057,CONTACT-00150,call_inbound,2024-06-03 17:09:00,inbound,0.264
ACT-000783,DEAL-0057,CONTACT-00150,call_inbound,2024-06-03 12:16:00,inbound,0.505
ACT-000784,DEAL-0058,CONTACT-00151,email_sent,2024-06-28 10:29:00,outbound,0.758
ACT-000785,DEAL-0058,CONTACT-00151,call_outbound,2024-07-12 15:10:00,outbound,0.29
ACT-000786,DEAL-0058,CONTACT-00151,meeting,2024-07-12 13:25:00,inbound,0.787
ACT-000787,DEAL-0058,CONTACT-00151,meeting,2024-07-29 11:41:00,inbound,0.268
ACT-000788,DEAL-0058,CONTACT-00151,email_sent,2024-08-02 12:14:00,outbound,0.408
ACT-000789,DEAL-0058,CONTACT-00151,proposal_sent,2024-08-06 08:31:00,outbound,0.362
ACT-000790,DEAL-0059,CONTACT-00154,call_outbound,2024-06-26 15:04:00,outbound,0.785
ACT-000791,DEAL-0059,CONTACT-00154,email_received,2024-06-27 16:17:00,inbound,0.153
ACT-000792,DEAL-0059,CONTACT-00153,call_inbound,2024-06-27 12:02:00,inbound,0.774
ACT-000793,DEAL-0059,CONTACT-00153,email_sent,2024-06-28 17:44:00,outbound,0.531
ACT-000794,DEAL-0059,CONTACT-00152,call_outbound,2024-07-08 12:40:00,outbound,0.489
ACT-000795,DEAL-0059,CONTACT-00152,email_sent,2024-07-10 09:09:00,outbound,0.68
ACT-000796,DEAL-0059,CONTACT-00154,meeting,2024-07-11 17:32:00,inbound,0.747
ACT-000797,DEAL-0060,CONTACT-00155,email_sent,2024-06-20 16:19:00,outbound,0.261
ACT-000798,DEAL-0060,CONTACT-00155,call_outbound,2024-06-21 17:49:00,outbound,0.549
ACT-000799,DEAL-0060,CONTACT-00155,demo,2024-06-24 15:57:00,outbound,0.608
ACT-000800,DEAL-0060,CONTACT-00155,email_sent,2024-06-27 11:30:00,outbound,0.64
ACT-000801,DEAL-0060,CONTACT-00155,email_sent,2024-07-01 10:14:00,outbound,0.571
ACT-000802,DEAL-0060,CONTACT-00155,email_sent,2024-07-09 17:28:00,outbound,0.704
ACT-000803,DEAL-0061,CONTACT-00158,email_sent,2024-05-13 11:00:00,outbound,0.153
ACT-000804,DEAL-0061,CONTACT-00156,demo,2024-05-16 13:58:00,outbound,0.503
ACT-000805,DEAL-0061,CONTACT-00158,meeting,2024-05-17 08:04:00,inbound,0.557
ACT-000806,DEAL-0061,CONTACT-00159,email_sent,2024-05-20 12:20:00,outbound,0.483
ACT-000807,DEAL-0061,CONTACT-00156,meeting,2024-05-20 09:35:00,inbound,0.645
ACT-000808,DEAL-0061,CONTACT-00156,proposal_sent,2024-05-22 10:27:00,outbound,0.455
ACT-000809,DEAL-0061,CONTACT-00156,email_received,2024-05-23 11:13:00,inbound,0.765
ACT-000810,DEAL-0061,CONTACT-00156,call_outbound,2024-05-24 17:32:00,outbound,0.257
ACT-000811,DEAL-0061,CONTACT-00160,meeting,2024-05-27 12:42:00,inbound,0.529
ACT-000812,DEAL-0061,CONTACT-00160,proposal_sent,2024-05-27 13:05:00,outbound,0.824
ACT-000813,DEAL-0061,CONTACT-00156,email_sent,2024-05-27 12:54:00,outbound,0.766
ACT-000814,DEAL-0061,CONTACT-00156,meeting,2024-05-28 12:10:00,inbound,0.62
ACT-000815,DEAL-0063,CONTACT-00164,proposal_sent,2024-06-07 11:36:00,outbound,0.364
ACT-000816,DEAL-0064,CONTACT-00165,call_inbound,2024-07-10 13:52:00,inbound,0.379
ACT-000817,DEAL-0064,CONTACT-00165,email_received,2024-07-12 17:25:00,inbound,0.737
ACT-000818,DEAL-0064,CONTACT-00165,email_sent,2024-07-15 08:00:00,outbound,0.755
ACT-000819,DEAL-0064,CONTACT-00165,email_received,2024-07-16 12:08:00,inbound,0.731
ACT-000820,DEAL-0064,CONTACT-00165,email_sent,2024-07-16 13:37:00,outbound,0.392
ACT-000821,DEAL-0064,CONTACT-00165,call_outbound,2024-07-18 12:29:00,outbound,0.432
ACT-000822,DEAL-0064,CONTACT-00165,email_sent,2024-07-19 17:15:00,outbound,0.42
ACT-000823,DEAL-0064,CONTACT-00165,call_outbound,2024-07-19 09:50:00,outbound,0.331
ACT-000824,DEAL-0064,CONTACT-00165,email_received,2024-07-19 09:14:00,inbound,0.568
ACT-000825,DEAL-0064,CONTACT-00165,proposal_sent,2024-07-23 14:40:00,outbound,0.591
ACT-000826,DEAL-0064,CONTACT-00165,meeting,2024-07-24 12:22:00,inbound,0.363
ACT-000827,DEAL-0064,CONTACT-00165,demo,2024-07-24 12:26:00,outbound,0.446
ACT-000828,DEAL-0064,CONTACT-00165,email_sent,2024-07-26 13:34:00,outbound,0.744
ACT-000829,DEAL-0064,CONTACT-00165,call_inbound,2024-07-29 17:09:00,inbound,0.608
ACT-000830,DEAL-0064,CONTACT-00165,meeting,2024-07-30 08:41:00,inbound,0.598
ACT-000831,DEAL-0064,CONTACT-00165,demo,2024-07-30 17:54:00,outbound,0.671
ACT-000832,DEAL-0064,CONTACT-00165,email_received,2024-07-31 13:09:00,inbound,0.309
ACT-000833,DEAL-0064,CONTACT-00165,email_received,2024-08-01 09:58:00,inbound,0.408
ACT-000834,DEAL-0064,CONTACT-00165,proposal_sent,2024-08-02 09:18:00,outbound,0.725
ACT-000835,DEAL-0064,CONTACT-00165,call_outbound,2024-08-06 16:05:00,outbound,0.493
ACT-000836,DEAL-0064,CONTACT-00165,email_sent,2024-08-07 16:00:00,outbound,0.564
ACT-000837,DEAL-0064,CONTACT-00165,call_outbound,2024-08-07 12:09:00,outbound,0.28
ACT-000838,DEAL-0064,CONTACT-00165,email_sent,2024-08-08 11:40:00,outbound,0.289
ACT-000839,DEAL-0064,CONTACT-00165,email_sent,2024-08-09 10:04:00,outbound,0.591
ACT-000840,DEAL-0064,CONTACT-00165,call_outbound,2024-08-09 10:14:00,outbound,0.705
ACT-000841,DEAL-0064,CONTACT-00165,email_sent,2024-08-12 09:12:00,outbound,0.389
ACT-000842,DEAL-0064,CONTACT-00165,meeting,2024-08-14 13:47:00,inbound,0.678
ACT-000843,DEAL-0064,CONTACT-00165,proposal_sent,2024-08-15 13:12:00,outbound,0.409
ACT-000844,DEAL-0064,CONTACT-00165,email_sent,2024-08-16 17:29:00,outbound,0.311
ACT-000845,DEAL-0064,CONTACT-00165,call_inbound,2024-08-20 13:20:00,inbound,0.63
ACT-000846,DEAL-0064,CONTACT-00165,proposal_sent,2024-08-20 13:32:00,outbound,0.974
ACT-000847,DEAL-0065,CONTACT-00169,email_received,2024-05-02 08:17:00,inbound,0.404
ACT-000848,DEAL-0065,CONTACT-00168,email_received,2024-05-02 09:31:00,inbound,0.587
ACT-000849,DEAL-0065,CONTACT-00166,email_sent,2024-05-02 17:46:00,outbound,0.271
ACT-000850,DEAL-0065,CONTACT-00167,call_outbound,2024-05-06 14:08:00,outbound,0.604
ACT-000851,DEAL-0066,CONTACT-00170,email_received,2024-03-08 08:43:00,inbound,0.524
ACT-000852,DEAL-0066,CONTACT-00170,email_sent,2024-03-11 16:28:00,outbound,0.461
ACT-000853,DEAL-0066,CONTACT-00171,email_received,2024-03-13 11:26:00,inbound,0.258
ACT-000854,DEAL-0066,CONTACT-00171,demo,2024-03-13 09:41:00,outbound,0.513
ACT-000855,DEAL-0066,CONTACT-00171,proposal_sent,2024-03-14 10:29:00,outbound,0.626
ACT-000856,DEAL-0066,CONTACT-00171,email_sent,2024-03-14 14:53:00,outbound,0.675
ACT-000857,DEAL-0066,CONTACT-00171,demo,2024-03-14 17:22:00,outbound,0.72
ACT-000858,DEAL-0066,CONTACT-00171,call_outbound,2024-03-20 17:16:00,outbound,0.532
ACT-000859,DEAL-0066,CONTACT-00171,call_outbound,2024-03-21 09:58:00,outbound,0.614
ACT-000860,DEAL-0066,CONTACT-00171,proposal_sent,2024-03-22 12:40:00,outbound,0.649
ACT-000861,DEAL-0066,CONTACT-00171,proposal_sent,2024-03-25 10:13:00,outbound,0.429
ACT-000862,DEAL-0066,CONTACT-00170,email_sent,2024-03-25 08:02:00,outbound,0.27
ACT-000863,DEAL-0067,CONTACT-00172,email_sent,2024-01-22 12:11:00,outbound,0.502
ACT-000864,DEAL-0067,CONTACT-00173,meeting,2024-01-24 11:17:00,inbound,0.51
ACT-000865,DEAL-0067,CONTACT-00173,call_inbound,2024-01-31 17:57:00,inbound,0.367
ACT-000866,DEAL-0068,CONTACT-00174,email_sent,2024-05-17 12:18:00,outbound,0.435
ACT-000867,DEAL-0068,CONTACT-00174,email_received,2024-05-24 14:31:00,inbound,0.614
ACT-000868,DEAL-0068,CONTACT-00174,email_sent,2024-05-24 13:01:00,outbound,0.695
ACT-000869,DEAL-0069,CONTACT-00176,email_received,2024-05-15 13:43:00,inbound,0.548
ACT-000870,DEAL-0070,CONTACT-00177,call_outbound,2024-04-22 08:16:00,outbound,0.536
ACT-000871,DEAL-0070,CONTACT-00177,email_received,2024-04-23 08:27:00,inbound,0.481
ACT-000872,DEAL-0070,CONTACT-00177,call_outbound,2024-04-25 15:56:00,outbound,0.687
ACT-000873,DEAL-0070,CONTACT-00177,call_outbound,2024-04-25 14:20:00,outbound,0.425
ACT-000874,DEAL-0070,CONTACT-00177,call_outbound,2024-04-26 17:38:00,outbound,0.525
ACT-000875,DEAL-0070,CONTACT-00178,proposal_sent,2024-05-10 09:12:00,outbound,0.874
ACT-000876,DEAL-0070,CONTACT-00178,email_sent,2024-05-10 08:31:00,outbound,0.492
ACT-000877,DEAL-0070,CONTACT-00178,proposal_sent,2024-05-10 10:48:00,outbound,0.808
ACT-000878,DEAL-0070,CONTACT-00177,call_inbound,2024-05-16 16:22:00,inbound,0.704
ACT-000879,DEAL-0071,CONTACT-00179,email_sent,2024-04-02 14:25:00,outbound,0.479
ACT-000880,DEAL-0071,CONTACT-00179,email_sent,2024-04-04 12:10:00,outbound,0.64
ACT-000881,DEAL-0071,CONTACT-00179,call_inbound,2024-04-04 17:48:00,inbound,0.532
ACT-000882,DEAL-0071,CONTACT-00179,email_sent,2024-04-08 12:35:00,outbound,0.682
ACT-000883,DEAL-0072,CONTACT-00180,call_outbound,2024-04-09 16:03:00,outbound,0.335
ACT-000884,DEAL-0072,CONTACT-00180,email_sent,2024-04-10 11:26:00,outbound,0.59
ACT-000885,DEAL-0072,CONTACT-00180,call_inbound,2024-04-12 13:47:00,inbound,0.337
ACT-000886,DEAL-0072,CONTACT-00180,call_outbound,2024-04-12 08:14:00,outbound,0.648
ACT-000887,DEAL-0072,CONTACT-00180,email_sent,2024-04-15 16:22:00,outbound,0.407
ACT-000888,DEAL-0072,CONTACT-00180,meeting,2024-04-17 13:02:00,inbound,0.577
ACT-000889,DEAL-0072,CONTACT-00180,meeting,2024-04-17 14:31:00,inbound,0.506
ACT-000890,DEAL-0072,CONTACT-00180,call_outbound,2024-04-19 08:35:00,outbound,0.393
ACT-000891,DEAL-0072,CONTACT-00180,proposal_sent,2024-04-24 13:06:00,outbound,0.84
ACT-000892,DEAL-0072,CONTACT-00180,email_sent,2024-04-25 09:39:00,outbound,0.307
ACT-000893,DEAL-0074,CONTACT-00186,email_sent,2024-04-22 08:35:00,outbound,0.76
ACT-000894,DEAL-0074,CONTACT-00185,email_received,2024-04-29 11:38:00,inbound,0.343
ACT-000895,DEAL-0074,CONTACT-00186,email_sent,2024-05-02 10:38:00,outbound,0.571
ACT-000896,DEAL-0074,CONTACT-00186,call_outbound,2024-05-22 16:57:00,outbound,0.454
ACT-000897,DEAL-0074,CONTACT-00185,email_sent,2024-05-24 09:06:00,outbound,0.567
ACT-000898,DEAL-0074,CONTACT-00185,demo,2024-05-27 13:04:00,outbound,0.701
ACT-000899,DEAL-0075,CONTACT-00187,call_outbound,2024-04-16 14:29:00,outbound,0.331
ACT-000900,DEAL-0075,CONTACT-00187,email_received,2024-04-16 16:37:00,inbound,0.242
ACT-000901,DEAL-0075,CONTACT-00189,email_sent,2024-04-16 16:50:00,outbound,0.508
ACT-000902,DEAL-0075,CONTACT-00189,email_sent,2024-04-17 11:15:00,outbound,0.309
ACT-000903,DEAL-0075,CONTACT-00189,email_sent,2024-04-19 13:45:00,outbound,0.659
ACT-000904,DEAL-0075,CONTACT-00188,meeting,2024-05-02 14:23:00,inbound,0.439
ACT-000905,DEAL-0075,CONTACT-00187,email_sent,2024-05-07 10:48:00,outbound,0.54
ACT-000906,DEAL-0075,CONTACT-00189,email_received,2024-05-09 15:26:00,inbound,0.252
ACT-000907,DEAL-0075,CONTACT-00189,demo,2024-05-14 13:45:00,outbound,0.426
ACT-000908,DEAL-0075,CONTACT-00188,meeting,2024-05-17 15:03:00,inbound,0.295
ACT-000909,DEAL-0075,CONTACT-00188,proposal_sent,2024-06-03 09:55:00,outbound,0.6
